[{"model": "home.homepage", "pk": 3, "fields": {}}, {"model": "home.homepagegallery", "pk": 2, "fields": {"sort_order": 1, "page": 3, "image": 2, "title": "Успех не приходит к вам. Это вы приходите к нему ...", "intro": "Мы научим как найти к нему дорогу."}}, {"model": "home.homepagegallery", "pk": 3, "fields": {"sort_order": 0, "page": 3, "image": 3, "title": "80 лет освобождения Беларуси.", "intro": "Поздравляем !!!"}}, {"model": "home.topic", "pk": 4, "fields": {"body": ""}}, {"model": "home.topic", "pk": 5, "fields": {"body": "<p data-block-key=\"aghz7\"><a linktype=\"document\" id=\"1\">viber_image_2022-12-10_16-39-25-192</a></p>"}}, {"model": "home.topic", "pk": 6, "fields": {"body": ""}}, {"model": "home.topic", "pk": 7, "fields": {"body": ""}}, {"model": "home.topic", "pk": 8, "fields": {"body": ""}}, {"model": "home.topic", "pk": 9, "fields": {"body": ""}}, {"model": "home.basicpage", "pk": 10, "fields": {"intro": "", "body": "[{\"type\": \"paragraph\", \"value\": \"<p data-block-key=\\\"ow0z0\\\">\\u042d\\u0442\\u043e \\u043a\\u0430\\u043a\\u0438\\u0435-\\u0442\\u043e \\u0434\\u043e\\u043a\\u0443\\u043c\\u0435\\u043d\\u0442\\u044b</p>\", \"id\": \"f1ec4d12-80fd-4a15-849e-bd988350fb23\"}]", "create_at": "2024-12-11T10:40:27.801Z", "edit_at": "2024-12-11T10:40:27.857Z"}}, {"model": "home.basicpage", "pk": 11, "fields": {"intro": "", "body": "[]", "create_at": "2024-12-11T10:43:04.558Z", "edit_at": "2024-12-11T10:43:04.637Z"}}, {"model": "home.basicpage", "pk": 12, "fields": {"intro": "", "body": "[]", "create_at": "2024-12-11T10:43:33.843Z", "edit_at": "2024-12-11T10:43:33.907Z"}}, {"model": "home.basicpage", "pk": 13, "fields": {"intro": "", "body": "[{\"type\": \"paragraph\", \"value\": \"<p data-block-key=\\\"ru3py\\\">cvxvx</p>\", \"id\": \"f5552503-41ce-4493-a53b-439bd59ae54b\"}]", "create_at": "2024-12-12T09:16:09.271Z", "edit_at": "2024-12-12T09:17:05.073Z"}}, {"model": "home.basicpage", "pk": 14, "fields": {"intro": "", "body": "[]", "create_at": "2024-12-12T09:26:36.403Z", "edit_at": "2024-12-12T09:26:36.486Z"}}, {"model": "home.basicpage", "pk": 15, "fields": {"intro": "", "body": "[]", "create_at": "2024-12-12T09:27:08.849Z", "edit_at": "2024-12-12T09:27:08.916Z"}}, {"model": "home.basicpage", "pk": 16, "fields": {"intro": "", "body": "[]", "create_at": "2024-12-12T09:27:31.036Z", "edit_at": "2024-12-12T09:27:31.103Z"}}, {"model": "wagtailusers.userprofile", "pk": 1, "fields": {"user": 1, "submitted_notifications": true, "approved_notifications": true, "rejected_notifications": true, "updated_comments_notifications": true, "preferred_language": "ru", "current_time_zone": "Europe/Minsk", "avatar": "", "dismissibles": {"help": true, "whats-new-in-wagtail-6.3": true, "editor-guide": true}, "theme": "system", "contrast": "system", "density": "snug"}}, {"model": "wagtaildocs.document", "pk": 1, "fields": {"collection": 1, "title": "viber_image_2022-12-10_16-39-25-192", "file": "documents/Form1.xlsx", "created_at": "2024-12-14T12:54:33.183Z", "uploaded_by_user": 1, "file_size": 8781, "file_hash": "b36fc27812b158372f425b4c8e86383c8d2dc9d6"}}, {"model": "wagtailimages.image", "pk": 1, "fields": {"collection": 1, "title": "image_4", "file": "original_images/image_4.jpg", "description": "", "width": 1280, "height": 1047, "created_at": "2024-12-11T09:32:29.655Z", "uploaded_by_user": 1, "focal_point_x": 703, "focal_point_y": 441, "focal_point_width": 689, "focal_point_height": 685, "file_size": 387429, "file_hash": "401842d4163fb9112013924ac0b1103c94878ea7"}}, {"model": "wagtailimages.image", "pk": 2, "fields": {"collection": 1, "title": "viber_image_2022-12-10_16-39-25-192", "file": "original_images/viber_image_2022-12-10_16-39-25-192.jpg", "description": "", "width": 1600, "height": 871, "created_at": "2024-12-14T11:14:03.791Z", "uploaded_by_user": 1, "focal_point_x": 772, "focal_point_y": 667, "focal_point_width": 680, "focal_point_height": 218, "file_size": 222721, "file_hash": "841dc91b8dcb8510a175bb3eda49e9055eabab9e"}}, {"model": "wagtailimages.image", "pk": 3, "fields": {"collection": 1, "title": "2", "file": "original_images/2.jpg", "description": "", "width": 2000, "height": 730, "created_at": "2024-12-14T11:15:05.527Z", "uploaded_by_user": 1, "focal_point_x": 1007, "focal_point_y": 261, "focal_point_width": 765, "focal_point_height": 472, "file_size": 155768, "file_hash": "c3260f94f0616438821f4246e264fea8282446d3"}}, {"model": "wagtailimages.rendition", "pk": 1, "fields": {"filter_spec": "max-165x165", "file": "images/image_4.max-165x165.jpg", "width": 165, "height": 134, "focal_point_key": "", "image": 1}}, {"model": "wagtailimages.rendition", "pk": 2, "fields": {"filter_spec": "original", "file": "images/image_4.original.jpg", "width": 1280, "height": 1047, "focal_point_key": "", "image": 1}}, {"model": "wagtailimages.rendition", "pk": 3, "fields": {"filter_spec": "max-800x600", "file": "images/image_4.max-800x600.jpg", "width": 733, "height": 600, "focal_point_key": "", "image": 1}}, {"model": "wagtailimages.rendition", "pk": 4, "fields": {"filter_spec": "max-165x165", "file": "images/viber_image_2022-12-10_16-39-25-192.max-165x165.jpg", "width": 165, "height": 89, "focal_point_key": "", "image": 2}}, {"model": "wagtailimages.rendition", "pk": 5, "fields": {"filter_spec": "max-165x165", "file": "images/2.max-165x165.jpg", "width": 165, "height": 60, "focal_point_key": "", "image": 3}}, {"model": "wagtailimages.rendition", "pk": 6, "fields": {"filter_spec": "original", "file": "images/2.original.jpg", "width": 2000, "height": 730, "focal_point_key": "", "image": 3}}, {"model": "wagtailimages.rendition", "pk": 7, "fields": {"filter_spec": "max-800x600", "file": "images/2.max-800x600.jpg", "width": 800, "height": 292, "focal_point_key": "", "image": 3}}, {"model": "wagtailimages.rendition", "pk": 8, "fields": {"filter_spec": "original", "file": "images/viber_image_2022-12-10_16-39-25-192.original.jpg", "width": 1600, "height": 871, "focal_point_key": "", "image": 2}}, {"model": "wagtailimages.rendition", "pk": 9, "fields": {"filter_spec": "max-800x600", "file": "images/viber_image_2022-12-10_16-39-25-192.max-800x600.jpg", "width": 800, "height": 435, "focal_point_key": "", "image": 2}}, {"model": "wagtailimages.rendition", "pk": 10, "fields": {"filter_spec": "fill-1200x600", "file": "images/viber_image_2022-12-10_16-39-25-1.e2447f30.fill-1200x600.jpg", "width": 1200, "height": 600, "focal_point_key": "e2447f30", "image": 2}}, {"model": "wagtailimages.rendition", "pk": 11, "fields": {"filter_spec": "fill-1200x600", "file": "images/2.75e2672e.fill-1200x600.jpg", "width": 1200, "height": 600, "focal_point_key": "75e2672e", "image": 3}}, {"model": "wagtailimages.rendition", "pk": 12, "fields": {"filter_spec": "fill-1200x600", "file": "images/viber_image_2022-12-10_16-39-25-1.acedbee9.fill-1200x600.jpg", "width": 1200, "height": 600, "focal_point_key": "acedbee9", "image": 2}}, {"model": "wagtailimages.rendition", "pk": 13, "fields": {"filter_spec": "fill-1200x600", "file": "images/viber_image_2022-12-10_16-39-25-1.ca4b3782.fill-1200x600.jpg", "width": 1200, "height": 600, "focal_point_key": "ca4b3782", "image": 2}}, {"model": "wagtailimages.rendition", "pk": 14, "fields": {"filter_spec": "fill-1200x600", "file": "images/viber_image_2022-12-10_16-39-25-1.dc9baefe.fill-1200x600.jpg", "width": 1200, "height": 600, "focal_point_key": "dc9baefe", "image": 2}}, {"model": "wagtailsearch.sqliteftsindexentry", "pk": 1, "fields": {"autocomplete": "Главная страница", "title": "Главная страница", "body": ""}}, {"model": "wagtailsearch.sqliteftsindexentry", "pk": 2, "fields": {"autocomplete": "image_4", "title": "image_4", "body": ""}}, {"model": "wagtailsearch.sqliteftsindexentry", "pk": 3, "fields": {"autocomplete": "О колледже", "title": "О колледже", "body": ""}}, {"model": "wagtailsearch.sqliteftsindexentry", "pk": 4, "fields": {"autocomplete": "Абитуриентам", "title": "Абитуриентам", "body": ""}}, {"model": "wagtailsearch.sqliteftsindexentry", "pk": 5, "fields": {"autocomplete": "Воспитательная работа", "title": "Воспитательная работа", "body": ""}}, {"model": "wagtailsearch.sqliteftsindexentry", "pk": 6, "fields": {"autocomplete": "Персонали", "title": "Персонали", "body": ""}}, {"model": "wagtailsearch.sqliteftsindexentry", "pk": 7, "fields": {"autocomplete": "Работа с гражданами", "title": "Работа с гражданами", "body": ""}}, {"model": "wagtailsearch.sqliteftsindexentry", "pk": 8, "fields": {"autocomplete": "Сервисы", "title": "Сервисы", "body": ""}}, {"model": "wagtailsearch.sqliteftsindexentry", "pk": 9, "fields": {"autocomplete": "Регистрационные документы", "title": "Регистрационные документы", "body": " Это какие-то документы"}}, {"model": "wagtailsearch.sqliteftsindexentry", "pk": 10, "fields": {"autocomplete": "Устав колледжа", "title": "Устав колледжа", "body": " "}}, {"model": "wagtailsearch.sqliteftsindexentry", "pk": 11, "fields": {"autocomplete": "Структура колледжа", "title": "Структура колледжа", "body": " "}}, {"model": "wagtailsearch.sqliteftsindexentry", "pk": 12, "fields": {"autocomplete": "Список поступивших в колледж", "title": "Список поступивших в колледж", "body": " cvxvx"}}, {"model": "wagtailsearch.sqliteftsindexentry", "pk": 13, "fields": {"autocomplete": "Материально-техническая база", "title": "Материально-техническая база", "body": " "}}, {"model": "wagtailsearch.sqliteftsindexentry", "pk": 14, "fields": {"autocomplete": "Продолжение обучения по сокращенной форме (ВУЗ)", "title": "Продолжение обучения по сокращенной форме (ВУЗ)", "body": " "}}, {"model": "wagtailsearch.sqliteftsindexentry", "pk": 15, "fields": {"autocomplete": "Платное обучение", "title": "Платное обучение", "body": " "}}, {"model": "wagtailsearch.sqliteftsindexentry", "pk": 16, "fields": {"autocomplete": "viber_image_2022-12-10_16-39-25-192", "title": "viber_image_2022-12-10_16-39-25-192", "body": ""}}, {"model": "wagtailsearch.sqliteftsindexentry", "pk": 17, "fields": {"autocomplete": "2", "title": "2", "body": ""}}, {"model": "wagtailsearch.sqliteftsindexentry", "pk": 18, "fields": {"autocomplete": "viber_image_2022-12-10_16-39-25-192", "title": "viber_image_2022-12-10_16-39-25-192", "body": ""}}, {"model": "wagtailsearch.indexentry", "pk": 1, "fields": {"content_type": 4, "object_id": "3", "title_norm": 0.71875, "autocomplete": "Главная страница", "title": "Главная страница", "body": ""}}, {"model": "wagtailsearch.indexentry", "pk": 2, "fields": {"content_type": 2, "object_id": "1", "title_norm": 1.6428571428571428, "autocomplete": "image_4", "title": "image_4", "body": ""}}, {"model": "wagtailsearch.indexentry", "pk": 3, "fields": {"content_type": 35, "object_id": "4", "title_norm": 1.1, "autocomplete": "О колледже", "title": "О колледже", "body": ""}}, {"model": "wagtailsearch.indexentry", "pk": 4, "fields": {"content_type": 35, "object_id": "5", "title_norm": 0.9375, "autocomplete": "Абитуриентам", "title": "Абитуриентам", "body": ""}}, {"model": "wagtailsearch.indexentry", "pk": 5, "fields": {"content_type": 35, "object_id": "6", "title_norm": 0.6285714285714286, "autocomplete": "Воспитательная работа", "title": "Воспитательная работа", "body": ""}}, {"model": "wagtailsearch.indexentry", "pk": 6, "fields": {"content_type": 35, "object_id": "7", "title_norm": 1.3888888888888888, "autocomplete": "Персонали", "title": "Персонали", "body": ""}}, {"model": "wagtailsearch.indexentry", "pk": 7, "fields": {"content_type": 35, "object_id": "8", "title_norm": 0.706766917293233, "autocomplete": "Работа с гражданами", "title": "Работа с гражданами", "body": ""}}, {"model": "wagtailsearch.indexentry", "pk": 8, "fields": {"content_type": 35, "object_id": "9", "title_norm": 1.8035714285714286, "autocomplete": "Сервисы", "title": "Сервисы", "body": ""}}, {"model": "wagtailsearch.indexentry", "pk": 9, "fields": {"content_type": 29, "object_id": "10", "title_norm": 0.56, "autocomplete": "Регистрационные документы", "title": "Регистрационные документы", "body": " Это какие-то документы"}}, {"model": "wagtailsearch.indexentry", "pk": 10, "fields": {"content_type": 29, "object_id": "11", "title_norm": 1.025974025974026, "autocomplete": "Устав колледжа", "title": "Устав колледжа", "body": " "}}, {"model": "wagtailsearch.indexentry", "pk": 11, "fields": {"content_type": 29, "object_id": "12", "title_norm": 0.797979797979798, "autocomplete": "Структура колледжа", "title": "Структура колледжа", "body": " "}}, {"model": "wagtailsearch.indexentry", "pk": 12, "fields": {"content_type": 29, "object_id": "13", "title_norm": 0.5535714285714286, "autocomplete": "Список поступивших в колледж", "title": "Список поступивших в колледж", "body": " cvxvx"}}, {"model": "wagtailsearch.indexentry", "pk": 13, "fields": {"content_type": 29, "object_id": "14", "title_norm": 0.5879120879120878, "autocomplete": "Материально-техническая база", "title": "Материально-техническая база", "body": " "}}, {"model": "wagtailsearch.indexentry", "pk": 14, "fields": {"content_type": 29, "object_id": "15", "title_norm": 0.3966565349544073, "autocomplete": "Продолжение обучения по сокращенной форме (ВУЗ)", "title": "Продолжение обучения по сокращенной форме (ВУЗ)", "body": " "}}, {"model": "wagtailsearch.indexentry", "pk": 15, "fields": {"content_type": 29, "object_id": "16", "title_norm": 1.1541666666666666, "autocomplete": "Платное обучение", "title": "Платное обучение", "body": " "}}, {"model": "wagtailsearch.indexentry", "pk": 16, "fields": {"content_type": 2, "object_id": "2", "title_norm": 0.5571428571428572, "autocomplete": "viber_image_2022-12-10_16-39-25-192", "title": "viber_image_2022-12-10_16-39-25-192", "body": ""}}, {"model": "wagtailsearch.indexentry", "pk": 17, "fields": {"content_type": 2, "object_id": "3", "title_norm": 18.41176470588235, "autocomplete": "2", "title": "2", "body": ""}}, {"model": "wagtailsearch.indexentry", "pk": 18, "fields": {"content_type": 28, "object_id": "1", "title_norm": 0.5523809523809523, "autocomplete": "viber_image_2022-12-10_16-39-25-192", "title": "viber_image_2022-12-10_16-39-25-192", "body": ""}}, {"model": "wagtailcore.locale", "pk": 1, "fields": {"language_code": "en"}}, {"model": "wagtailcore.site", "pk": 2, "fields": {"hostname": "mgkct", "port": 80, "site_name": "Основной сайт", "root_page": 3, "is_default_site": true}}, {"model": "wagtailcore.modellogentry", "pk": 1, "fields": {"content_type": 6, "label": "Основной сайт [по умолчанию]", "action": "wagtail.edit", "data": {}, "timestamp": "2024-12-11T09:21:13.883Z", "uuid": "859b91bd-6b6e-4e9a-a925-c028b3f3910a", "user": 1, "revision": null, "content_changed": true, "deleted": false, "object_id": "2"}}, {"model": "wagtailcore.modellogentry", "pk": 2, "fields": {"content_type": 6, "label": "Основной сайт [по умолчанию]", "action": "wagtail.edit", "data": {}, "timestamp": "2024-12-11T09:33:12.582Z", "uuid": "c6a3fa09-0f54-411a-890a-c33b7afc258b", "user": 1, "revision": null, "content_changed": false, "deleted": false, "object_id": "2"}}, {"model": "wagtailcore.modellogentry", "pk": 3, "fields": {"content_type": 52, "label": "1", "action": "wagtail.edit", "data": {}, "timestamp": "2024-12-12T09:05:15.000Z", "uuid": "fc2cb471-6297-4461-89c5-6f079d4e61e1", "user": 1, "revision": null, "content_changed": false, "deleted": false, "object_id": "1"}}, {"model": "wagtailcore.modellogentry", "pk": 4, "fields": {"content_type": 52, "label": "1", "action": "wagtail.edit", "data": {}, "timestamp": "2024-12-12T09:05:25.521Z", "uuid": "972529c6-4b5e-4d88-9cff-0ea8317236cc", "user": 1, "revision": null, "content_changed": false, "deleted": false, "object_id": "1"}}, {"model": "wagtailcore.modellogentry", "pk": 5, "fields": {"content_type": 52, "label": "1", "action": "wagtail.edit", "data": {}, "timestamp": "2024-12-12T09:05:31.029Z", "uuid": "2a9ead31-30d6-45de-aaee-464f27939bcc", "user": 1, "revision": null, "content_changed": false, "deleted": false, "object_id": "1"}}, {"model": "wagtailcore.modellogentry", "pk": 6, "fields": {"content_type": 51, "label": "Редактор", "action": "wagtail.edit", "data": {}, "timestamp": "2024-12-12T09:08:04.128Z", "uuid": "b3d8be33-26df-4cc2-8373-3c22b2f86605", "user": 1, "revision": null, "content_changed": true, "deleted": false, "object_id": "2"}}, {"model": "wagtailcore.modellogentry", "pk": 7, "fields": {"content_type": 51, "label": "Администратор", "action": "wagtail.edit", "data": {}, "timestamp": "2024-12-12T09:08:19.409Z", "uuid": "b85bda0b-5f5e-47c5-8011-a8cfaac2cf37", "user": 1, "revision": null, "content_changed": true, "deleted": false, "object_id": "1"}}, {"model": "wagtailcore.modellogentry", "pk": 8, "fields": {"content_type": 3, "label": "Подтверждение публикации", "action": "wagtail.create", "data": {}, "timestamp": "2024-12-12T09:09:57.440Z", "uuid": "95df77df-f2b9-4bed-b46e-37d7705d40bd", "user": 1, "revision": null, "content_changed": true, "deleted": false, "object_id": "2"}}, {"model": "wagtailcore.modellogentry", "pk": 9, "fields": {"content_type": 20, "label": "Потвер", "action": "wagtail.create", "data": {}, "timestamp": "2024-12-12T09:10:30.428Z", "uuid": "93988f81-0f43-4349-aeac-cb6721029f98", "user": 1, "revision": null, "content_changed": true, "deleted": false, "object_id": "2"}}, {"model": "wagtailcore.modellogentry", "pk": 10, "fields": {"content_type": 20, "label": "Проверка страниц", "action": "wagtail.edit", "data": {}, "timestamp": "2024-12-12T09:11:00.738Z", "uuid": "4e1da220-8383-4d10-bcdf-7341810b25fe", "user": 1, "revision": null, "content_changed": true, "deleted": false, "object_id": "2"}}, {"model": "wagtailcore.modellogentry", "pk": 11, "fields": {"content_type": 2, "label": "image_4", "action": "wagtail.edit", "data": {}, "timestamp": "2024-12-12T09:12:12.059Z", "uuid": "c5ba9fef-9621-405f-85d9-7fde1d8953f1", "user": 1, "revision": null, "content_changed": true, "deleted": false, "object_id": "1"}}, {"model": "wagtailcore.modellogentry", "pk": 12, "fields": {"content_type": 2, "label": "2", "action": "wagtail.edit", "data": {}, "timestamp": "2024-12-14T11:15:53.196Z", "uuid": "4b4ee4d2-396a-4784-a3e1-51ab30426457", "user": 1, "revision": null, "content_changed": true, "deleted": false, "object_id": "3"}}, {"model": "wagtailcore.modellogentry", "pk": 13, "fields": {"content_type": 2, "label": "viber_image_2022-12-10_16-39-25-192", "action": "wagtail.edit", "data": {}, "timestamp": "2024-12-14T11:15:58.659Z", "uuid": "ace08769-5310-4fcc-b145-e2278b15871f", "user": 1, "revision": null, "content_changed": true, "deleted": false, "object_id": "2"}}, {"model": "wagtailcore.modellogentry", "pk": 14, "fields": {"content_type": 2, "label": "viber_image_2022-12-10_16-39-25-192", "action": "wagtail.edit", "data": {}, "timestamp": "2024-12-14T12:39:40.378Z", "uuid": "5165438b-3f66-42f6-9519-3013d70d6c3d", "user": 1, "revision": null, "content_changed": true, "deleted": false, "object_id": "2"}}, {"model": "wagtailcore.modellogentry", "pk": 15, "fields": {"content_type": 2, "label": "viber_image_2022-12-10_16-39-25-192", "action": "wagtail.edit", "data": {}, "timestamp": "2024-12-14T12:39:50.778Z", "uuid": "fa315945-1721-4512-bc1a-c457fcf9a794", "user": 1, "revision": null, "content_changed": true, "deleted": false, "object_id": "2"}}, {"model": "wagtailcore.modellogentry", "pk": 16, "fields": {"content_type": 2, "label": "viber_image_2022-12-10_16-39-25-192", "action": "wagtail.edit", "data": {}, "timestamp": "2024-12-14T12:40:04.113Z", "uuid": "8e5ddd5f-1c96-4d64-9b2d-c1640d4f5a69", "user": 1, "revision": null, "content_changed": true, "deleted": false, "object_id": "2"}}, {"model": "wagtailcore.collection", "pk": 1, "fields": {"path": "0001", "depth": 1, "numchild": 0, "name": "Root"}}, {"model": "wagtailcore.groupcollectionpermission", "pk": 1, "fields": {"group": 2, "collection": 1, "permission": 1}}, {"model": "wagtailcore.groupcollectionpermission", "pk": 2, "fields": {"group": 1, "collection": 1, "permission": 1}}, {"model": "wagtailcore.groupcollectionpermission", "pk": 3, "fields": {"group": 2, "collection": 1, "permission": 2}}, {"model": "wagtailcore.groupcollectionpermission", "pk": 4, "fields": {"group": 1, "collection": 1, "permission": 2}}, {"model": "wagtailcore.groupcollectionpermission", "pk": 5, "fields": {"group": 2, "collection": 1, "permission": 106}}, {"model": "wagtailcore.groupcollectionpermission", "pk": 6, "fields": {"group": 1, "collection": 1, "permission": 106}}, {"model": "wagtailcore.groupcollectionpermission", "pk": 7, "fields": {"group": 2, "collection": 1, "permission": 107}}, {"model": "wagtailcore.groupcollectionpermission", "pk": 8, "fields": {"group": 1, "collection": 1, "permission": 107}}, {"model": "wagtailcore.groupcollectionpermission", "pk": 9, "fields": {"group": 2, "collection": 1, "permission": 109}}, {"model": "wagtailcore.groupcollectionpermission", "pk": 10, "fields": {"group": 1, "collection": 1, "permission": 109}}, {"model": "wagtailcore.referenceindex", "pk": 1, "fields": {"content_type": 2, "base_content_type": 2, "object_id": "1", "to_content_type": 9, "to_object_id": "1", "model_path": "collection", "content_path": "collection", "content_path_hash": "b40b1263-e929-57f2-a7f8-9dbce56b887b"}}, {"model": "wagtailcore.referenceindex", "pk": 4, "fields": {"content_type": 2, "base_content_type": 2, "object_id": "2", "to_content_type": 9, "to_object_id": "1", "model_path": "collection", "content_path": "collection", "content_path_hash": "b40b1263-e929-57f2-a7f8-9dbce56b887b"}}, {"model": "wagtailcore.referenceindex", "pk": 6, "fields": {"content_type": 4, "base_content_type": 1, "object_id": "3", "to_content_type": 2, "to_object_id": "2", "model_path": "gallery.item.image", "content_path": "gallery.2.image", "content_path_hash": "771d8da9-3a57-5499-9b6b-5bb2c08ec262"}}, {"model": "wagtailcore.referenceindex", "pk": 7, "fields": {"content_type": 2, "base_content_type": 2, "object_id": "3", "to_content_type": 9, "to_object_id": "1", "model_path": "collection", "content_path": "collection", "content_path_hash": "b40b1263-e929-57f2-a7f8-9dbce56b887b"}}, {"model": "wagtailcore.referenceindex", "pk": 9, "fields": {"content_type": 4, "base_content_type": 1, "object_id": "3", "to_content_type": 2, "to_object_id": "3", "model_path": "gallery.item.image", "content_path": "gallery.3.image", "content_path_hash": "ba1c02a4-1a44-50bf-a159-44725d7c8134"}}, {"model": "wagtailcore.referenceindex", "pk": 10, "fields": {"content_type": 28, "base_content_type": 28, "object_id": "1", "to_content_type": 9, "to_object_id": "1", "model_path": "collection", "content_path": "collection", "content_path_hash": "b40b1263-e929-57f2-a7f8-9dbce56b887b"}}, {"model": "wagtailcore.referenceindex", "pk": 11, "fields": {"content_type": 35, "base_content_type": 1, "object_id": "5", "to_content_type": 28, "to_object_id": "1", "model_path": "body.", "content_path": "body.", "content_path_hash": "4d332296-be98-5f77-a5ad-cbe1e1aacda5"}}, {"model": "wagtailcore.page", "pk": 1, "fields": {"path": "0001", "depth": 1, "numchild": 1, "translation_key": "e2534297-548f-423a-97c9-c7225b3ef2c6", "locale": 1, "latest_revision": null, "live": true, "has_unpublished_changes": false, "first_published_at": null, "last_published_at": null, "live_revision": null, "go_live_at": null, "expire_at": null, "expired": false, "locked": false, "locked_at": null, "locked_by": null, "title": "Root", "draft_title": "Root", "slug": "root", "content_type": 1, "url_path": "/", "owner": null, "seo_title": "", "show_in_menus": false, "search_description": "", "latest_revision_created_at": null, "alias_of": null}}, {"model": "wagtailcore.page", "pk": 3, "fields": {"path": "00010001", "depth": 2, "numchild": 6, "translation_key": "8897fa2a-7e82-4643-b8aa-788d622be091", "locale": 1, "latest_revision": 30, "live": true, "has_unpublished_changes": false, "first_published_at": "2024-12-11T09:20:49.597Z", "last_published_at": "2024-12-14T13:20:03.811Z", "live_revision": 30, "go_live_at": null, "expire_at": null, "expired": false, "locked": false, "locked_at": null, "locked_by": null, "title": "Главная страница", "draft_title": "Главная страница", "slug": "home", "content_type": 4, "url_path": "/home/", "owner": null, "seo_title": "", "show_in_menus": false, "search_description": "", "latest_revision_created_at": "2024-12-14T13:20:03.764Z", "alias_of": null}}, {"model": "wagtailcore.page", "pk": 4, "fields": {"path": "000100010001", "depth": 3, "numchild": 3, "translation_key": "c79b0670-3bc2-4529-a156-0fc96c4dd7d0", "locale": 1, "latest_revision": 4, "live": true, "has_unpublished_changes": false, "first_published_at": "2024-12-11T10:24:23.063Z", "last_published_at": "2024-12-11T10:24:23.063Z", "live_revision": 4, "go_live_at": null, "expire_at": null, "expired": false, "locked": false, "locked_at": null, "locked_by": null, "title": "О колледже", "draft_title": "О колледже", "slug": "о-колледже", "content_type": 35, "url_path": "/home/о-колледже/", "owner": 1, "seo_title": "", "show_in_menus": true, "search_description": "", "latest_revision_created_at": "2024-12-11T10:24:23.025Z", "alias_of": null}}, {"model": "wagtailcore.page", "pk": 5, "fields": {"path": "000100010002", "depth": 3, "numchild": 4, "translation_key": "24bb1255-866f-42d4-b327-f76d9cc6dda8", "locale": 1, "latest_revision": 28, "live": true, "has_unpublished_changes": false, "first_published_at": "2024-12-11T10:37:42.637Z", "last_published_at": "2024-12-14T12:54:37.833Z", "live_revision": 28, "go_live_at": null, "expire_at": null, "expired": false, "locked": false, "locked_at": null, "locked_by": null, "title": "Абитуриентам", "draft_title": "Абитуриентам", "slug": "абитуриентам", "content_type": 35, "url_path": "/home/абитуриентам/", "owner": 1, "seo_title": "", "show_in_menus": true, "search_description": "", "latest_revision_created_at": "2024-12-14T12:54:37.796Z", "alias_of": null}}, {"model": "wagtailcore.page", "pk": 6, "fields": {"path": "000100010003", "depth": 3, "numchild": 0, "translation_key": "cdda5a84-002b-43b4-8f9f-1cd4e7869cad", "locale": 1, "latest_revision": 7, "live": true, "has_unpublished_changes": false, "first_published_at": "2024-12-11T10:38:05.418Z", "last_published_at": "2024-12-11T10:38:05.418Z", "live_revision": 7, "go_live_at": null, "expire_at": null, "expired": false, "locked": false, "locked_at": null, "locked_by": null, "title": "Воспитательная работа", "draft_title": "Воспитательная работа", "slug": "воспитательная-работа", "content_type": 35, "url_path": "/home/воспитательная-работа/", "owner": 1, "seo_title": "", "show_in_menus": true, "search_description": "", "latest_revision_created_at": "2024-12-11T10:38:05.373Z", "alias_of": null}}, {"model": "wagtailcore.page", "pk": 7, "fields": {"path": "000100010004", "depth": 3, "numchild": 0, "translation_key": "6edfee8c-b6da-4620-b6b1-7a06d637861f", "locale": 1, "latest_revision": 8, "live": true, "has_unpublished_changes": false, "first_published_at": "2024-12-11T10:38:23.064Z", "last_published_at": "2024-12-11T10:38:23.064Z", "live_revision": 8, "go_live_at": null, "expire_at": null, "expired": false, "locked": false, "locked_at": null, "locked_by": null, "title": "Персонали", "draft_title": "Персонали", "slug": "персонали", "content_type": 35, "url_path": "/home/персонали/", "owner": 1, "seo_title": "", "show_in_menus": true, "search_description": "", "latest_revision_created_at": "2024-12-11T10:38:23.034Z", "alias_of": null}}, {"model": "wagtailcore.page", "pk": 8, "fields": {"path": "000100010005", "depth": 3, "numchild": 0, "translation_key": "c44324fd-0e4a-4158-afb4-e29094cbd851", "locale": 1, "latest_revision": 9, "live": true, "has_unpublished_changes": false, "first_published_at": "2024-12-11T10:38:49.733Z", "last_published_at": "2024-12-11T10:38:49.733Z", "live_revision": 9, "go_live_at": null, "expire_at": null, "expired": false, "locked": false, "locked_at": null, "locked_by": null, "title": "Работа с гражданами", "draft_title": "Работа с гражданами", "slug": "работа-с-гражданами", "content_type": 35, "url_path": "/home/работа-с-гражданами/", "owner": 1, "seo_title": "", "show_in_menus": true, "search_description": "", "latest_revision_created_at": "2024-12-11T10:38:49.692Z", "alias_of": null}}, {"model": "wagtailcore.page", "pk": 9, "fields": {"path": "000100010006", "depth": 3, "numchild": 0, "translation_key": "8e2091a1-3ac7-468c-8257-7380983c5f5e", "locale": 1, "latest_revision": 15, "live": true, "has_unpublished_changes": false, "first_published_at": "2024-12-11T10:39:15.600Z", "last_published_at": "2024-12-12T09:05:49.895Z", "live_revision": 15, "go_live_at": null, "expire_at": null, "expired": false, "locked": false, "locked_at": null, "locked_by": null, "title": "Сервисы", "draft_title": "Сервисы", "slug": "сервисы", "content_type": 35, "url_path": "/home/сервисы/", "owner": 1, "seo_title": "", "show_in_menus": true, "search_description": "", "latest_revision_created_at": "2024-12-12T09:05:49.828Z", "alias_of": null}}, {"model": "wagtailcore.page", "pk": 10, "fields": {"path": "0001000100010001", "depth": 4, "numchild": 0, "translation_key": "88900afc-8711-4da4-95b7-215587a07d99", "locale": 1, "latest_revision": 12, "live": true, "has_unpublished_changes": false, "first_published_at": "2024-12-11T10:40:27.856Z", "last_published_at": "2024-12-11T10:40:27.856Z", "live_revision": 12, "go_live_at": null, "expire_at": null, "expired": false, "locked": false, "locked_at": null, "locked_by": null, "title": "Регистрационные документы", "draft_title": "Регистрационные документы", "slug": "регистрационные-документы", "content_type": 29, "url_path": "/home/о-колледже/регистрационные-документы/", "owner": 1, "seo_title": "", "show_in_menus": true, "search_description": "", "latest_revision_created_at": "2024-12-11T10:40:27.817Z", "alias_of": null}}, {"model": "wagtailcore.page", "pk": 11, "fields": {"path": "0001000100010002", "depth": 4, "numchild": 0, "translation_key": "32c90a1b-debd-4ffa-8332-eb54af811f0e", "locale": 1, "latest_revision": 13, "live": true, "has_unpublished_changes": false, "first_published_at": "2024-12-11T10:43:04.624Z", "last_published_at": "2024-12-11T10:43:04.624Z", "live_revision": 13, "go_live_at": null, "expire_at": null, "expired": false, "locked": false, "locked_at": null, "locked_by": null, "title": "Устав колледжа", "draft_title": "Устав колледжа", "slug": "устав-колледжа", "content_type": 29, "url_path": "/home/о-колледже/устав-колледжа/", "owner": 1, "seo_title": "", "show_in_menus": false, "search_description": "", "latest_revision_created_at": "2024-12-11T10:43:04.584Z", "alias_of": null}}, {"model": "wagtailcore.page", "pk": 12, "fields": {"path": "0001000100010003", "depth": 4, "numchild": 0, "translation_key": "7d9c1057-8cc6-4550-a2ad-0a957b6cd9ad", "locale": 1, "latest_revision": 14, "live": true, "has_unpublished_changes": false, "first_published_at": "2024-12-11T10:43:33.893Z", "last_published_at": "2024-12-11T10:43:33.893Z", "live_revision": 14, "go_live_at": null, "expire_at": null, "expired": false, "locked": false, "locked_at": null, "locked_by": null, "title": "Структура колледжа", "draft_title": "Структура колледжа", "slug": "структура-колледжа", "content_type": 29, "url_path": "/home/о-колледже/структура-колледжа/", "owner": 1, "seo_title": "", "show_in_menus": true, "search_description": "", "latest_revision_created_at": "2024-12-11T10:43:33.861Z", "alias_of": null}}, {"model": "wagtailcore.page", "pk": 13, "fields": {"path": "0001000100020001", "depth": 4, "numchild": 0, "translation_key": "aaeb65c3-acce-455a-b171-3df6f7803cef", "locale": 1, "latest_revision": 18, "live": true, "has_unpublished_changes": true, "first_published_at": "2024-12-12T09:16:09.324Z", "last_published_at": "2024-12-12T09:17:05.060Z", "live_revision": 17, "go_live_at": null, "expire_at": null, "expired": false, "locked": false, "locked_at": null, "locked_by": null, "title": "Список поступивших в колледж", "draft_title": "Список поступивших в колледж", "slug": "список-поступивших-в-колледж", "content_type": 29, "url_path": "/home/абитуриентам/список-поступивших-в-колледж/", "owner": 1, "seo_title": "", "show_in_menus": true, "search_description": "", "latest_revision_created_at": "2024-12-12T09:24:37.097Z", "alias_of": null}}, {"model": "wagtailcore.page", "pk": 14, "fields": {"path": "0001000100020002", "depth": 4, "numchild": 0, "translation_key": "fee04c7e-1bbb-4e88-a7f0-702a8cc632e0", "locale": 1, "latest_revision": 19, "live": true, "has_unpublished_changes": false, "first_published_at": "2024-12-12T09:26:36.475Z", "last_published_at": "2024-12-12T09:26:36.475Z", "live_revision": 19, "go_live_at": null, "expire_at": null, "expired": false, "locked": false, "locked_at": null, "locked_by": null, "title": "Материально-техническая база", "draft_title": "Материально-техническая база", "slug": "материально-техническая-база", "content_type": 29, "url_path": "/home/абитуриентам/материально-техническая-база/", "owner": 1, "seo_title": "", "show_in_menus": false, "search_description": "", "latest_revision_created_at": "2024-12-12T09:26:36.424Z", "alias_of": null}}, {"model": "wagtailcore.page", "pk": 15, "fields": {"path": "0001000100020003", "depth": 4, "numchild": 0, "translation_key": "587b5209-3bdf-4212-8f7d-0494e09bbd67", "locale": 1, "latest_revision": 20, "live": true, "has_unpublished_changes": false, "first_published_at": "2024-12-12T09:27:08.902Z", "last_published_at": "2024-12-12T09:27:08.902Z", "live_revision": 20, "go_live_at": null, "expire_at": null, "expired": false, "locked": false, "locked_at": null, "locked_by": null, "title": "Продолжение обучения по сокращенной форме (ВУЗ)", "draft_title": "Продолжение обучения по сокращенной форме (ВУЗ)", "slug": "продолжение-обучения-по-сокращенной-форме-вуз", "content_type": 29, "url_path": "/home/абитуриентам/продолжение-обучения-по-сокращенной-форме-вуз/", "owner": 1, "seo_title": "", "show_in_menus": false, "search_description": "", "latest_revision_created_at": "2024-12-12T09:27:08.862Z", "alias_of": null}}, {"model": "wagtailcore.page", "pk": 16, "fields": {"path": "0001000100020004", "depth": 4, "numchild": 0, "translation_key": "b12656cc-d4f6-4d59-a7cf-a5314e082645", "locale": 1, "latest_revision": 21, "live": true, "has_unpublished_changes": false, "first_published_at": "2024-12-12T09:27:31.099Z", "last_published_at": "2024-12-12T09:27:31.099Z", "live_revision": 21, "go_live_at": null, "expire_at": null, "expired": false, "locked": false, "locked_at": null, "locked_by": null, "title": "Платное обучение", "draft_title": "Платное обучение", "slug": "платное-обучение", "content_type": 29, "url_path": "/home/абитуриентам/платное-обучение/", "owner": 1, "seo_title": "", "show_in_menus": false, "search_description": "", "latest_revision_created_at": "2024-12-12T09:27:31.055Z", "alias_of": null}}, {"model": "wagtailcore.revision", "pk": 1, "fields": {"content_type": 4, "base_content_type": 1, "object_id": "3", "created_at": "2024-12-11T09:20:49.536Z", "user": 1, "object_str": "Главная страница", "content": {"pk": 3, "path": "00010001", "depth": 2, "numchild": 0, "translation_key": "8897fa2a-7e82-4643-b8aa-788d622be091", "locale": 1, "latest_revision": null, "live": true, "has_unpublished_changes": false, "first_published_at": null, "last_published_at": null, "live_revision": null, "go_live_at": null, "expire_at": null, "expired": false, "locked": false, "locked_at": null, "locked_by": null, "title": "Главная страница", "draft_title": "Home", "slug": "home", "content_type": 4, "url_path": "/home/", "owner": null, "seo_title": "", "show_in_menus": false, "search_description": "", "latest_revision_created_at": null, "alias_of": null, "wagtail_admin_comments": [], "gallery": [], "banner_gallery": [], "anons_gallery": []}, "approved_go_live_at": null}}, {"model": "wagtailcore.revision", "pk": 2, "fields": {"content_type": 4, "base_content_type": 1, "object_id": "3", "created_at": "2024-12-11T09:32:36.263Z", "user": 1, "object_str": "Главная страница", "content": {"pk": 3, "path": "00010001", "depth": 2, "numchild": 0, "translation_key": "8897fa2a-7e82-4643-b8aa-788d622be091", "locale": 1, "latest_revision": 1, "live": true, "has_unpublished_changes": false, "first_published_at": "2024-12-11T09:20:49.597Z", "last_published_at": "2024-12-11T09:20:49.597Z", "live_revision": 1, "go_live_at": null, "expire_at": null, "expired": false, "locked": false, "locked_at": null, "locked_by": null, "title": "Главная страница", "draft_title": "Главная страница", "slug": "home", "content_type": 4, "url_path": "/home/", "owner": null, "seo_title": "", "show_in_menus": false, "search_description": "", "latest_revision_created_at": "2024-12-11T09:20:49.536Z", "alias_of": null, "wagtail_admin_comments": [], "gallery": [{"pk": null, "sort_order": 0, "page": 3, "image": 1, "title": "", "intro": ""}], "banner_gallery": [], "anons_gallery": []}, "approved_go_live_at": null}}, {"model": "wagtailcore.revision", "pk": 3, "fields": {"content_type": 4, "base_content_type": 1, "object_id": "3", "created_at": "2024-12-11T09:32:54.466Z", "user": 1, "object_str": "Главная страница", "content": {"pk": 3, "path": "00010001", "depth": 2, "numchild": 0, "translation_key": "8897fa2a-7e82-4643-b8aa-788d622be091", "locale": 1, "latest_revision": 2, "live": true, "has_unpublished_changes": false, "first_published_at": "2024-12-11T09:20:49.597Z", "last_published_at": "2024-12-11T09:32:36.300Z", "live_revision": 2, "go_live_at": null, "expire_at": null, "expired": false, "locked": false, "locked_at": null, "locked_by": null, "title": "Главная страница", "draft_title": "Главная страница", "slug": "home", "content_type": 4, "url_path": "/home/", "owner": null, "seo_title": "", "show_in_menus": false, "search_description": "", "latest_revision_created_at": "2024-12-11T09:32:36.263Z", "alias_of": null, "wagtail_admin_comments": [], "gallery": [{"pk": 1, "sort_order": 0, "page": 3, "image": 1, "title": "Карточка 1", "intro": ""}], "banner_gallery": [], "anons_gallery": []}, "approved_go_live_at": null}}, {"model": "wagtailcore.revision", "pk": 4, "fields": {"content_type": 35, "base_content_type": 1, "object_id": "4", "created_at": "2024-12-11T10:24:23.025Z", "user": 1, "object_str": "О колледже", "content": {"pk": 4, "path": "000100010001", "depth": 3, "numchild": 0, "translation_key": "c79b0670-3bc2-4529-a156-0fc96c4dd7d0", "locale": 1, "latest_revision": null, "live": true, "has_unpublished_changes": false, "first_published_at": null, "last_published_at": null, "live_revision": null, "go_live_at": null, "expire_at": null, "expired": false, "locked": false, "locked_at": null, "locked_by": null, "title": "О колледже", "draft_title": "О колледже", "slug": "о-колледже", "content_type": 35, "url_path": "/home/о-колледже/", "owner": 1, "seo_title": "", "show_in_menus": true, "search_description": "", "latest_revision_created_at": null, "alias_of": null, "body": "", "wagtail_admin_comments": []}, "approved_go_live_at": null}}, {"model": "wagtailcore.revision", "pk": 5, "fields": {"content_type": 35, "base_content_type": 1, "object_id": "5", "created_at": "2024-12-11T10:37:42.597Z", "user": 1, "object_str": "Абитуриентам", "content": {"pk": 5, "path": "000100010002", "depth": 3, "numchild": 0, "translation_key": "24bb1255-866f-42d4-b327-f76d9cc6dda8", "locale": 1, "latest_revision": null, "live": true, "has_unpublished_changes": false, "first_published_at": null, "last_published_at": null, "live_revision": null, "go_live_at": null, "expire_at": null, "expired": false, "locked": false, "locked_at": null, "locked_by": null, "title": "Абитуриентам", "draft_title": "Абитуриентам", "slug": "абитуриентам", "content_type": 35, "url_path": "/home/абитуриентам/", "owner": 1, "seo_title": "", "show_in_menus": false, "search_description": "", "latest_revision_created_at": null, "alias_of": null, "body": "", "wagtail_admin_comments": []}, "approved_go_live_at": null}}, {"model": "wagtailcore.revision", "pk": 6, "fields": {"content_type": 35, "base_content_type": 1, "object_id": "5", "created_at": "2024-12-11T10:37:50.078Z", "user": 1, "object_str": "Абитуриентам", "content": {"pk": 5, "path": "000100010002", "depth": 3, "numchild": 0, "translation_key": "24bb1255-866f-42d4-b327-f76d9cc6dda8", "locale": 1, "latest_revision": 5, "live": true, "has_unpublished_changes": false, "first_published_at": "2024-12-11T10:37:42.637Z", "last_published_at": "2024-12-11T10:37:42.637Z", "live_revision": 5, "go_live_at": null, "expire_at": null, "expired": false, "locked": false, "locked_at": null, "locked_by": null, "title": "Абитуриентам", "draft_title": "Абитуриентам", "slug": "абитуриентам", "content_type": 35, "url_path": "/home/абитуриентам/", "owner": 1, "seo_title": "", "show_in_menus": true, "search_description": "", "latest_revision_created_at": "2024-12-11T10:37:42.597Z", "alias_of": null, "body": "", "wagtail_admin_comments": []}, "approved_go_live_at": null}}, {"model": "wagtailcore.revision", "pk": 7, "fields": {"content_type": 35, "base_content_type": 1, "object_id": "6", "created_at": "2024-12-11T10:38:05.373Z", "user": 1, "object_str": "Воспитательная работа", "content": {"pk": 6, "path": "000100010003", "depth": 3, "numchild": 0, "translation_key": "cdda5a84-002b-43b4-8f9f-1cd4e7869cad", "locale": 1, "latest_revision": null, "live": true, "has_unpublished_changes": false, "first_published_at": null, "last_published_at": null, "live_revision": null, "go_live_at": null, "expire_at": null, "expired": false, "locked": false, "locked_at": null, "locked_by": null, "title": "Воспитательная работа", "draft_title": "Воспитательная работа", "slug": "воспитательная-работа", "content_type": 35, "url_path": "/home/воспитательная-работа/", "owner": 1, "seo_title": "", "show_in_menus": true, "search_description": "", "latest_revision_created_at": null, "alias_of": null, "body": "", "wagtail_admin_comments": []}, "approved_go_live_at": null}}, {"model": "wagtailcore.revision", "pk": 8, "fields": {"content_type": 35, "base_content_type": 1, "object_id": "7", "created_at": "2024-12-11T10:38:23.034Z", "user": 1, "object_str": "Персонали", "content": {"pk": 7, "path": "000100010004", "depth": 3, "numchild": 0, "translation_key": "6edfee8c-b6da-4620-b6b1-7a06d637861f", "locale": 1, "latest_revision": null, "live": true, "has_unpublished_changes": false, "first_published_at": null, "last_published_at": null, "live_revision": null, "go_live_at": null, "expire_at": null, "expired": false, "locked": false, "locked_at": null, "locked_by": null, "title": "Персонали", "draft_title": "Персонали", "slug": "персонали", "content_type": 35, "url_path": "/home/персонали/", "owner": 1, "seo_title": "", "show_in_menus": true, "search_description": "", "latest_revision_created_at": null, "alias_of": null, "body": "", "wagtail_admin_comments": []}, "approved_go_live_at": null}}, {"model": "wagtailcore.revision", "pk": 9, "fields": {"content_type": 35, "base_content_type": 1, "object_id": "8", "created_at": "2024-12-11T10:38:49.692Z", "user": 1, "object_str": "Работа с гражданами", "content": {"pk": 8, "path": "000100010005", "depth": 3, "numchild": 0, "translation_key": "c44324fd-0e4a-4158-afb4-e29094cbd851", "locale": 1, "latest_revision": null, "live": true, "has_unpublished_changes": false, "first_published_at": null, "last_published_at": null, "live_revision": null, "go_live_at": null, "expire_at": null, "expired": false, "locked": false, "locked_at": null, "locked_by": null, "title": "Работа с гражданами", "draft_title": "Работа с гражданами", "slug": "работа-с-гражданами", "content_type": 35, "url_path": "/home/работа-с-гражданами/", "owner": 1, "seo_title": "", "show_in_menus": true, "search_description": "", "latest_revision_created_at": null, "alias_of": null, "body": "", "wagtail_admin_comments": []}, "approved_go_live_at": null}}, {"model": "wagtailcore.revision", "pk": 10, "fields": {"content_type": 35, "base_content_type": 1, "object_id": "9", "created_at": "2024-12-11T10:39:15.560Z", "user": 1, "object_str": "Сервисы", "content": {"pk": 9, "path": "000100010006", "depth": 3, "numchild": 0, "translation_key": "8e2091a1-3ac7-468c-8257-7380983c5f5e", "locale": 1, "latest_revision": null, "live": true, "has_unpublished_changes": false, "first_published_at": null, "last_published_at": null, "live_revision": null, "go_live_at": null, "expire_at": null, "expired": false, "locked": false, "locked_at": null, "locked_by": null, "title": "Сервисы", "draft_title": "Сервисы", "slug": "сервисы", "content_type": 35, "url_path": "/home/сервисы/", "owner": 1, "seo_title": "", "show_in_menus": false, "search_description": "", "latest_revision_created_at": null, "alias_of": null, "body": "", "wagtail_admin_comments": []}, "approved_go_live_at": null}}, {"model": "wagtailcore.revision", "pk": 11, "fields": {"content_type": 35, "base_content_type": 1, "object_id": "9", "created_at": "2024-12-11T10:39:23.308Z", "user": 1, "object_str": "Сервисы", "content": {"pk": 9, "path": "000100010006", "depth": 3, "numchild": 0, "translation_key": "8e2091a1-3ac7-468c-8257-7380983c5f5e", "locale": 1, "latest_revision": 10, "live": true, "has_unpublished_changes": false, "first_published_at": "2024-12-11T10:39:15.600Z", "last_published_at": "2024-12-11T10:39:15.600Z", "live_revision": 10, "go_live_at": null, "expire_at": null, "expired": false, "locked": false, "locked_at": null, "locked_by": null, "title": "Сервисы", "draft_title": "Сервисы", "slug": "сервисы", "content_type": 35, "url_path": "/home/сервисы/", "owner": 1, "seo_title": "", "show_in_menus": true, "search_description": "", "latest_revision_created_at": "2024-12-11T10:39:15.560Z", "alias_of": null, "body": "", "wagtail_admin_comments": []}, "approved_go_live_at": null}}, {"model": "wagtailcore.revision", "pk": 12, "fields": {"content_type": 29, "base_content_type": 1, "object_id": "10", "created_at": "2024-12-11T10:40:27.817Z", "user": 1, "object_str": "Регистрационные документы", "content": {"pk": 10, "path": "0001000100010001", "depth": 4, "numchild": 0, "translation_key": "88900afc-8711-4da4-95b7-215587a07d99", "locale": 1, "latest_revision": null, "live": true, "has_unpublished_changes": false, "first_published_at": null, "last_published_at": null, "live_revision": null, "go_live_at": null, "expire_at": null, "expired": false, "locked": false, "locked_at": null, "locked_by": null, "title": "Регистрационные документы", "draft_title": "Регистрационные документы", "slug": "регистрационные-документы", "content_type": 29, "url_path": "/home/о-колледже/регистрационные-документы/", "owner": 1, "seo_title": "", "show_in_menus": true, "search_description": "", "latest_revision_created_at": null, "alias_of": null, "intro": "", "body": "[{\"type\": \"paragraph\", \"value\": \"<p data-block-key=\\\"ow0z0\\\">\\u042d\\u0442\\u043e \\u043a\\u0430\\u043a\\u0438\\u0435-\\u0442\\u043e \\u0434\\u043e\\u043a\\u0443\\u043c\\u0435\\u043d\\u0442\\u044b</p>\", \"id\": \"f1ec4d12-80fd-4a15-849e-bd988350fb23\"}]", "create_at": "2024-12-11T10:40:27.801Z", "edit_at": "2024-12-11T10:40:27.817Z", "wagtail_admin_comments": []}, "approved_go_live_at": null}}, {"model": "wagtailcore.revision", "pk": 13, "fields": {"content_type": 29, "base_content_type": 1, "object_id": "11", "created_at": "2024-12-11T10:43:04.584Z", "user": 1, "object_str": "Устав колледжа", "content": {"pk": 11, "path": "0001000100010002", "depth": 4, "numchild": 0, "translation_key": "32c90a1b-debd-4ffa-8332-eb54af811f0e", "locale": 1, "latest_revision": null, "live": true, "has_unpublished_changes": false, "first_published_at": null, "last_published_at": null, "live_revision": null, "go_live_at": null, "expire_at": null, "expired": false, "locked": false, "locked_at": null, "locked_by": null, "title": "Устав колледжа", "draft_title": "Устав колледжа", "slug": "устав-колледжа", "content_type": 29, "url_path": "/home/о-колледже/устав-колледжа/", "owner": 1, "seo_title": "", "show_in_menus": false, "search_description": "", "latest_revision_created_at": null, "alias_of": null, "intro": "", "body": "[]", "create_at": "2024-12-11T10:43:04.558Z", "edit_at": "2024-12-11T10:43:04.584Z", "wagtail_admin_comments": []}, "approved_go_live_at": null}}, {"model": "wagtailcore.revision", "pk": 14, "fields": {"content_type": 29, "base_content_type": 1, "object_id": "12", "created_at": "2024-12-11T10:43:33.861Z", "user": 1, "object_str": "Структура колледжа", "content": {"pk": 12, "path": "0001000100010003", "depth": 4, "numchild": 0, "translation_key": "7d9c1057-8cc6-4550-a2ad-0a957b6cd9ad", "locale": 1, "latest_revision": null, "live": true, "has_unpublished_changes": false, "first_published_at": null, "last_published_at": null, "live_revision": null, "go_live_at": null, "expire_at": null, "expired": false, "locked": false, "locked_at": null, "locked_by": null, "title": "Структура колледжа", "draft_title": "Структура колледжа", "slug": "структура-колледжа", "content_type": 29, "url_path": "/home/о-колледже/структура-колледжа/", "owner": 1, "seo_title": "", "show_in_menus": true, "search_description": "", "latest_revision_created_at": null, "alias_of": null, "intro": "", "body": "[]", "create_at": "2024-12-11T10:43:33.843Z", "edit_at": "2024-12-11T10:43:33.860Z", "wagtail_admin_comments": []}, "approved_go_live_at": null}}, {"model": "wagtailcore.revision", "pk": 15, "fields": {"content_type": 35, "base_content_type": 1, "object_id": "9", "created_at": "2024-12-12T09:05:49.828Z", "user": 1, "object_str": "Сервисы", "content": {"pk": 9, "path": "000100010006", "depth": 3, "numchild": 0, "translation_key": "8e2091a1-3ac7-468c-8257-7380983c5f5e", "locale": 1, "latest_revision": 11, "live": true, "has_unpublished_changes": false, "first_published_at": "2024-12-11T10:39:15.600Z", "last_published_at": "2024-12-11T10:39:23.349Z", "live_revision": 11, "go_live_at": null, "expire_at": null, "expired": false, "locked": false, "locked_at": null, "locked_by": null, "title": "Сервисы", "draft_title": "Сервисы", "slug": "сервисы", "content_type": 35, "url_path": "/home/сервисы/", "owner": 1, "seo_title": "", "show_in_menus": true, "search_description": "", "latest_revision_created_at": "2024-12-11T10:39:23.308Z", "alias_of": null, "body": "", "wagtail_admin_comments": []}, "approved_go_live_at": null}}, {"model": "wagtailcore.revision", "pk": 16, "fields": {"content_type": 29, "base_content_type": 1, "object_id": "13", "created_at": "2024-12-12T09:16:09.284Z", "user": 1, "object_str": "Список поступивших в колледж", "content": {"pk": 13, "path": "0001000100020001", "depth": 4, "numchild": 0, "translation_key": "aaeb65c3-acce-455a-b171-3df6f7803cef", "locale": 1, "latest_revision": null, "live": true, "has_unpublished_changes": false, "first_published_at": null, "last_published_at": null, "live_revision": null, "go_live_at": null, "expire_at": null, "expired": false, "locked": false, "locked_at": null, "locked_by": null, "title": "Список поступивших в колледж", "draft_title": "Список поступивших в колледж", "slug": "список-поступивших-в-колледж", "content_type": 29, "url_path": "/home/абитуриентам/список-поступивших-в-колледж/", "owner": 1, "seo_title": "", "show_in_menus": true, "search_description": "", "latest_revision_created_at": null, "alias_of": null, "intro": "", "body": "[]", "create_at": "2024-12-12T09:16:09.271Z", "edit_at": "2024-12-12T09:16:09.284Z", "wagtail_admin_comments": []}, "approved_go_live_at": null}}, {"model": "wagtailcore.revision", "pk": 17, "fields": {"content_type": 29, "base_content_type": 1, "object_id": "13", "created_at": "2024-12-12T09:17:05.033Z", "user": 1, "object_str": "Список поступивших в колледж", "content": {"pk": 13, "path": "0001000100020001", "depth": 4, "numchild": 0, "translation_key": "aaeb65c3-acce-455a-b171-3df6f7803cef", "locale": 1, "latest_revision": 16, "live": true, "has_unpublished_changes": false, "first_published_at": "2024-12-12T09:16:09.324Z", "last_published_at": "2024-12-12T09:16:09.324Z", "live_revision": 16, "go_live_at": null, "expire_at": null, "expired": false, "locked": false, "locked_at": null, "locked_by": null, "title": "Список поступивших в колледж", "draft_title": "Список поступивших в колледж", "slug": "список-поступивших-в-колледж", "content_type": 29, "url_path": "/home/абитуриентам/список-поступивших-в-колледж/", "owner": 1, "seo_title": "", "show_in_menus": true, "search_description": "", "latest_revision_created_at": "2024-12-12T09:16:09.284Z", "alias_of": null, "intro": "", "body": "[{\"type\": \"paragraph\", \"value\": \"<p data-block-key=\\\"ru3py\\\">cvxvx</p>\", \"id\": \"f5552503-41ce-4493-a53b-439bd59ae54b\"}]", "create_at": "2024-12-12T09:16:09.271Z", "edit_at": "2024-12-12T09:17:05.033Z", "wagtail_admin_comments": []}, "approved_go_live_at": null}}, {"model": "wagtailcore.revision", "pk": 18, "fields": {"content_type": 29, "base_content_type": 1, "object_id": "13", "created_at": "2024-12-12T09:24:37.097Z", "user": 1, "object_str": "Список поступивших в колледж", "content": {"pk": 13, "path": "0001000100020001", "depth": 4, "numchild": 0, "translation_key": "aaeb65c3-acce-455a-b171-3df6f7803cef", "locale": 1, "latest_revision": 17, "live": true, "has_unpublished_changes": false, "first_published_at": "2024-12-12T09:16:09.324Z", "last_published_at": "2024-12-12T09:17:05.060Z", "live_revision": 17, "go_live_at": null, "expire_at": null, "expired": false, "locked": false, "locked_at": null, "locked_by": null, "title": "Список поступивших в колледж", "draft_title": "Список поступивших в колледж", "slug": "список-поступивших-в-колледж", "content_type": 29, "url_path": "/home/абитуриентам/список-поступивших-в-колледж/", "owner": 1, "seo_title": "", "show_in_menus": true, "search_description": "", "latest_revision_created_at": "2024-12-12T09:17:05.033Z", "alias_of": null, "intro": "", "body": "[{\"type\": \"paragraph\", \"value\": \"<ol><li data-block-key=\\\"ru3py\\\">cvxvx\\\\</li><li data-block-key=\\\"b0a3m\\\">fsd</li><li data-block-key=\\\"bturp\\\">sdf</li><li data-block-key=\\\"27vce\\\">sdf</li><li data-block-key=\\\"84oji\\\">sdf</li><li data-block-key=\\\"6k8cd\\\">sdfs</li><li data-block-key=\\\"9qmjk\\\">df</li></ol>\", \"id\": \"f5552503-41ce-4493-a53b-439bd59ae54b\"}]", "create_at": "2024-12-12T09:16:09.271Z", "edit_at": "2024-12-12T09:24:37.097Z", "wagtail_admin_comments": []}, "approved_go_live_at": null}}, {"model": "wagtailcore.revision", "pk": 19, "fields": {"content_type": 29, "base_content_type": 1, "object_id": "14", "created_at": "2024-12-12T09:26:36.424Z", "user": 1, "object_str": "Материально-техническая база", "content": {"pk": 14, "path": "0001000100020002", "depth": 4, "numchild": 0, "translation_key": "fee04c7e-1bbb-4e88-a7f0-702a8cc632e0", "locale": 1, "latest_revision": null, "live": true, "has_unpublished_changes": false, "first_published_at": null, "last_published_at": null, "live_revision": null, "go_live_at": null, "expire_at": null, "expired": false, "locked": false, "locked_at": null, "locked_by": null, "title": "Материально-техническая база", "draft_title": "Материально-техническая база", "slug": "материально-техническая-база", "content_type": 29, "url_path": "/home/абитуриентам/материально-техническая-база/", "owner": 1, "seo_title": "", "show_in_menus": false, "search_description": "", "latest_revision_created_at": null, "alias_of": null, "intro": "", "body": "[]", "create_at": "2024-12-12T09:26:36.403Z", "edit_at": "2024-12-12T09:26:36.424Z", "wagtail_admin_comments": []}, "approved_go_live_at": null}}, {"model": "wagtailcore.revision", "pk": 20, "fields": {"content_type": 29, "base_content_type": 1, "object_id": "15", "created_at": "2024-12-12T09:27:08.862Z", "user": 1, "object_str": "Продолжение обучения по сокращенной форме (ВУЗ)", "content": {"pk": 15, "path": "0001000100020003", "depth": 4, "numchild": 0, "translation_key": "587b5209-3bdf-4212-8f7d-0494e09bbd67", "locale": 1, "latest_revision": null, "live": true, "has_unpublished_changes": false, "first_published_at": null, "last_published_at": null, "live_revision": null, "go_live_at": null, "expire_at": null, "expired": false, "locked": false, "locked_at": null, "locked_by": null, "title": "Продолжение обучения по сокращенной форме (ВУЗ)", "draft_title": "Продолжение обучения по сокращенной форме (ВУЗ)", "slug": "продолжение-обучения-по-сокращенной-форме-вуз", "content_type": 29, "url_path": "/home/абитуриентам/продолжение-обучения-по-сокращенной-форме-вуз/", "owner": 1, "seo_title": "", "show_in_menus": false, "search_description": "", "latest_revision_created_at": null, "alias_of": null, "intro": "", "body": "[]", "create_at": "2024-12-12T09:27:08.849Z", "edit_at": "2024-12-12T09:27:08.862Z", "wagtail_admin_comments": []}, "approved_go_live_at": null}}, {"model": "wagtailcore.revision", "pk": 21, "fields": {"content_type": 29, "base_content_type": 1, "object_id": "16", "created_at": "2024-12-12T09:27:31.055Z", "user": 1, "object_str": "Платное обучение", "content": {"pk": 16, "path": "0001000100020004", "depth": 4, "numchild": 0, "translation_key": "b12656cc-d4f6-4d59-a7cf-a5314e082645", "locale": 1, "latest_revision": null, "live": true, "has_unpublished_changes": false, "first_published_at": null, "last_published_at": null, "live_revision": null, "go_live_at": null, "expire_at": null, "expired": false, "locked": false, "locked_at": null, "locked_by": null, "title": "Платное обучение", "draft_title": "Платное обучение", "slug": "платное-обучение", "content_type": 29, "url_path": "/home/абитуриентам/платное-обучение/", "owner": 1, "seo_title": "", "show_in_menus": false, "search_description": "", "latest_revision_created_at": null, "alias_of": null, "intro": "", "body": "[]", "create_at": "2024-12-12T09:27:31.036Z", "edit_at": "2024-12-12T09:27:31.055Z", "wagtail_admin_comments": []}, "approved_go_live_at": null}}, {"model": "wagtailcore.revision", "pk": 22, "fields": {"content_type": 4, "base_content_type": 1, "object_id": "3", "created_at": "2024-12-14T11:14:50.904Z", "user": 1, "object_str": "Главная страница", "content": {"pk": 3, "path": "00010001", "depth": 2, "numchild": 6, "translation_key": "8897fa2a-7e82-4643-b8aa-788d622be091", "locale": 1, "latest_revision": 3, "live": true, "has_unpublished_changes": false, "first_published_at": "2024-12-11T09:20:49.597Z", "last_published_at": "2024-12-11T09:32:54.499Z", "live_revision": 3, "go_live_at": null, "expire_at": null, "expired": false, "locked": false, "locked_at": null, "locked_by": null, "title": "Главная страница", "draft_title": "Главная страница", "slug": "home", "content_type": 4, "url_path": "/home/", "owner": null, "seo_title": "", "show_in_menus": false, "search_description": "", "latest_revision_created_at": "2024-12-11T09:32:54.466Z", "alias_of": null, "wagtail_admin_comments": [], "gallery": [{"pk": null, "sort_order": 0, "page": 3, "image": 2, "title": "Успех не приходит к вам. Это вы приходите к нему ...", "intro": ""}], "banner_gallery": [], "anons_gallery": []}, "approved_go_live_at": null}}, {"model": "wagtailcore.revision", "pk": 23, "fields": {"content_type": 4, "base_content_type": 1, "object_id": "3", "created_at": "2024-12-14T11:15:44.369Z", "user": 1, "object_str": "Главная страница", "content": {"pk": 3, "path": "00010001", "depth": 2, "numchild": 6, "translation_key": "8897fa2a-7e82-4643-b8aa-788d622be091", "locale": 1, "latest_revision": 22, "live": true, "has_unpublished_changes": false, "first_published_at": "2024-12-11T09:20:49.597Z", "last_published_at": "2024-12-14T11:14:50.940Z", "live_revision": 22, "go_live_at": null, "expire_at": null, "expired": false, "locked": false, "locked_at": null, "locked_by": null, "title": "Главная страница", "draft_title": "Главная страница", "slug": "home", "content_type": 4, "url_path": "/home/", "owner": null, "seo_title": "", "show_in_menus": false, "search_description": "", "latest_revision_created_at": "2024-12-14T11:14:50.904Z", "alias_of": null, "wagtail_admin_comments": [], "gallery": [{"pk": 2, "sort_order": 0, "page": 3, "image": 2, "title": "Успех не приходит к вам. Это вы приходите к нему ...", "intro": ""}, {"pk": null, "sort_order": 1, "page": 3, "image": 3, "title": "80 лет освобождения Беларуси", "intro": ""}], "banner_gallery": [], "anons_gallery": []}, "approved_go_live_at": null}}, {"model": "wagtailcore.revision", "pk": 24, "fields": {"content_type": 4, "base_content_type": 1, "object_id": "3", "created_at": "2024-12-14T12:37:40.455Z", "user": 1, "object_str": "Главная страница", "content": {"pk": 3, "path": "00010001", "depth": 2, "numchild": 6, "translation_key": "8897fa2a-7e82-4643-b8aa-788d622be091", "locale": 1, "latest_revision": 23, "live": true, "has_unpublished_changes": false, "first_published_at": "2024-12-11T09:20:49.597Z", "last_published_at": "2024-12-14T11:15:44.408Z", "live_revision": 23, "go_live_at": null, "expire_at": null, "expired": false, "locked": false, "locked_at": null, "locked_by": null, "title": "Главная страница", "draft_title": "Главная страница", "slug": "home", "content_type": 4, "url_path": "/home/", "owner": null, "seo_title": "", "show_in_menus": false, "search_description": "", "latest_revision_created_at": "2024-12-14T11:15:44.369Z", "alias_of": null, "wagtail_admin_comments": [], "gallery": [{"pk": 2, "sort_order": 0, "page": 3, "image": 2, "title": "Успех не приходит к вам. Это вы приходите к нему ...", "intro": "Мы научим как найти к нему дорогу"}, {"pk": 3, "sort_order": 1, "page": 3, "image": 3, "title": "80 лет освобождения Беларуси", "intro": ""}], "banner_gallery": [], "anons_gallery": []}, "approved_go_live_at": null}}, {"model": "wagtailcore.revision", "pk": 25, "fields": {"content_type": 4, "base_content_type": 1, "object_id": "3", "created_at": "2024-12-14T12:37:54.040Z", "user": 1, "object_str": "Главная страница", "content": {"pk": 3, "path": "00010001", "depth": 2, "numchild": 6, "translation_key": "8897fa2a-7e82-4643-b8aa-788d622be091", "locale": 1, "latest_revision": 24, "live": true, "has_unpublished_changes": true, "first_published_at": "2024-12-11T09:20:49.597Z", "last_published_at": "2024-12-14T11:15:44.408Z", "live_revision": 23, "go_live_at": null, "expire_at": null, "expired": false, "locked": false, "locked_at": null, "locked_by": null, "title": "Главная страница", "draft_title": "Главная страница", "slug": "home", "content_type": 4, "url_path": "/home/", "owner": null, "seo_title": "", "show_in_menus": false, "search_description": "", "latest_revision_created_at": "2024-12-14T12:37:40.455Z", "alias_of": null, "wagtail_admin_comments": [], "gallery": [{"pk": 2, "sort_order": 0, "page": 3, "image": 2, "title": "Успех не приходит к вам. Это вы приходите к нему ...", "intro": "Мы научим как найти к нему дорогу"}, {"pk": 3, "sort_order": 1, "page": 3, "image": 3, "title": "80 лет освобождения Беларуси", "intro": "Поздравляем !!!"}], "banner_gallery": [], "anons_gallery": []}, "approved_go_live_at": null}}, {"model": "wagtailcore.revision", "pk": 26, "fields": {"content_type": 4, "base_content_type": 1, "object_id": "3", "created_at": "2024-12-14T12:38:02.944Z", "user": 1, "object_str": "Главная страница", "content": {"pk": 3, "path": "00010001", "depth": 2, "numchild": 6, "translation_key": "8897fa2a-7e82-4643-b8aa-788d622be091", "locale": 1, "latest_revision": 25, "live": true, "has_unpublished_changes": true, "first_published_at": "2024-12-11T09:20:49.597Z", "last_published_at": "2024-12-14T11:15:44.408Z", "live_revision": 23, "go_live_at": null, "expire_at": null, "expired": false, "locked": false, "locked_at": null, "locked_by": null, "title": "Главная страница", "draft_title": "Главная страница", "slug": "home", "content_type": 4, "url_path": "/home/", "owner": null, "seo_title": "", "show_in_menus": false, "search_description": "", "latest_revision_created_at": "2024-12-14T12:37:54.040Z", "alias_of": null, "wagtail_admin_comments": [], "gallery": [{"pk": 2, "sort_order": 0, "page": 3, "image": 2, "title": "Успех не приходит к вам. Это вы приходите к нему ...", "intro": "Мы научим как найти к нему дорогу"}, {"pk": 3, "sort_order": 1, "page": 3, "image": 3, "title": "80 лет освобождения Беларуси", "intro": "Поздравляем !!!"}], "banner_gallery": [], "anons_gallery": []}, "approved_go_live_at": null}}, {"model": "wagtailcore.revision", "pk": 27, "fields": {"content_type": 4, "base_content_type": 1, "object_id": "3", "created_at": "2024-12-14T12:51:11.229Z", "user": 1, "object_str": "Главная страница", "content": {"pk": 3, "path": "00010001", "depth": 2, "numchild": 6, "translation_key": "8897fa2a-7e82-4643-b8aa-788d622be091", "locale": 1, "latest_revision": 26, "live": true, "has_unpublished_changes": false, "first_published_at": "2024-12-11T09:20:49.597Z", "last_published_at": "2024-12-14T12:38:02.986Z", "live_revision": 26, "go_live_at": null, "expire_at": null, "expired": false, "locked": false, "locked_at": null, "locked_by": null, "title": "Главная страница", "draft_title": "Главная страница", "slug": "home", "content_type": 4, "url_path": "/home/", "owner": null, "seo_title": "", "show_in_menus": false, "search_description": "", "latest_revision_created_at": "2024-12-14T12:38:02.944Z", "alias_of": null, "wagtail_admin_comments": [], "gallery": [{"pk": 2, "sort_order": 1, "page": 3, "image": 2, "title": "Успех не приходит к вам. Это вы приходите к нему ...", "intro": "Мы научим как найти к нему дорогу."}, {"pk": 3, "sort_order": 0, "page": 3, "image": 3, "title": "80 лет освобождения Беларуси.", "intro": "Поздравляем !!!"}], "banner_gallery": [], "anons_gallery": []}, "approved_go_live_at": null}}, {"model": "wagtailcore.revision", "pk": 28, "fields": {"content_type": 35, "base_content_type": 1, "object_id": "5", "created_at": "2024-12-14T12:54:37.796Z", "user": 1, "object_str": "Абитуриентам", "content": {"pk": 5, "path": "000100010002", "depth": 3, "numchild": 4, "translation_key": "24bb1255-866f-42d4-b327-f76d9cc6dda8", "locale": 1, "latest_revision": 6, "live": true, "has_unpublished_changes": false, "first_published_at": "2024-12-11T10:37:42.637Z", "last_published_at": "2024-12-11T10:37:50.117Z", "live_revision": 6, "go_live_at": null, "expire_at": null, "expired": false, "locked": false, "locked_at": null, "locked_by": null, "title": "Абитуриентам", "draft_title": "Абитуриентам", "slug": "абитуриентам", "content_type": 35, "url_path": "/home/абитуриентам/", "owner": 1, "seo_title": "", "show_in_menus": true, "search_description": "", "latest_revision_created_at": "2024-12-11T10:37:50.078Z", "alias_of": null, "body": "<p data-block-key=\"aghz7\"><a linktype=\"document\" id=\"1\">viber_image_2022-12-10_16-39-25-192</a></p>", "wagtail_admin_comments": []}, "approved_go_live_at": null}}, {"model": "wagtailcore.revision", "pk": 29, "fields": {"content_type": 4, "base_content_type": 1, "object_id": "3", "created_at": "2024-12-14T13:19:17.563Z", "user": 1, "object_str": "Главная страница", "content": {"pk": 3, "path": "00010001", "depth": 2, "numchild": 6, "translation_key": "8897fa2a-7e82-4643-b8aa-788d622be091", "locale": 1, "latest_revision": 27, "live": true, "has_unpublished_changes": false, "first_published_at": "2024-12-11T09:20:49.597Z", "last_published_at": "2024-12-14T12:51:11.269Z", "live_revision": 27, "go_live_at": null, "expire_at": null, "expired": false, "locked": false, "locked_at": null, "locked_by": null, "title": "Главная страница", "draft_title": "Главная страница", "slug": "home", "content_type": 4, "url_path": "/home/", "owner": null, "seo_title": "", "show_in_menus": false, "search_description": "", "latest_revision_created_at": "2024-12-14T12:51:11.229Z", "alias_of": null, "wagtail_admin_comments": [], "gallery": [{"pk": 2, "sort_order": 1, "page": 3, "image": 2, "title": "Успех не приходит к вам. Это вы приходите к нему ...", "intro": "Мы научим как найти к нему дорогу."}, {"pk": 3, "sort_order": 0, "page": 3, "image": 3, "title": "80 лет освобождения Беларуси.", "intro": "Поздравляем !!!"}], "banner_gallery": [], "anons_gallery": []}, "approved_go_live_at": null}}, {"model": "wagtailcore.revision", "pk": 30, "fields": {"content_type": 4, "base_content_type": 1, "object_id": "3", "created_at": "2024-12-14T13:20:03.764Z", "user": 1, "object_str": "Главная страница", "content": {"pk": 3, "path": "00010001", "depth": 2, "numchild": 6, "translation_key": "8897fa2a-7e82-4643-b8aa-788d622be091", "locale": 1, "latest_revision": 29, "live": true, "has_unpublished_changes": false, "first_published_at": "2024-12-11T09:20:49.597Z", "last_published_at": "2024-12-14T13:19:17.626Z", "live_revision": 29, "go_live_at": null, "expire_at": null, "expired": false, "locked": false, "locked_at": null, "locked_by": null, "title": "Главная страница", "draft_title": "Главная страница", "slug": "home", "content_type": 4, "url_path": "/home/", "owner": null, "seo_title": "", "show_in_menus": false, "search_description": "", "latest_revision_created_at": "2024-12-14T13:19:17.563Z", "alias_of": null, "wagtail_admin_comments": [], "gallery": [{"pk": 2, "sort_order": 1, "page": 3, "image": 2, "title": "Успех не приходит к вам. Это вы приходите к нему ...", "intro": "Мы научим как найти к нему дорогу."}, {"pk": 3, "sort_order": 0, "page": 3, "image": 3, "title": "80 лет освобождения Беларуси.", "intro": "Поздравляем !!!"}], "banner_gallery": [], "anons_gallery": []}, "approved_go_live_at": null}}, {"model": "wagtailcore.grouppagepermission", "pk": 1, "fields": {"group": 1, "page": 1, "permission": 37}}, {"model": "wagtailcore.grouppagepermission", "pk": 2, "fields": {"group": 1, "page": 1, "permission": 38}}, {"model": "wagtailcore.grouppagepermission", "pk": 3, "fields": {"group": 1, "page": 1, "permission": 43}}, {"model": "wagtailcore.grouppagepermission", "pk": 4, "fields": {"group": 2, "page": 1, "permission": 37}}, {"model": "wagtailcore.grouppagepermission", "pk": 5, "fields": {"group": 2, "page": 1, "permission": 38}}, {"model": "wagtailcore.grouppagepermission", "pk": 6, "fields": {"group": 1, "page": 1, "permission": 42}}, {"model": "wagtailcore.grouppagepermission", "pk": 7, "fields": {"group": 1, "page": 1, "permission": 44}}, {"model": "wagtailcore.workflowpage", "pk": 1, "fields": {"workflow": 2}}, {"model": "wagtailcore.workflowtask", "pk": 1, "fields": {"sort_order": 0, "workflow": 1, "task": 1}}, {"model": "wagtailcore.workflowtask", "pk": 2, "fields": {"sort_order": 0, "workflow": 2, "task": 2}}, {"model": "wagtailcore.task", "pk": 1, "fields": {"name": "Moderators approval", "content_type": 3, "active": false}}, {"model": "wagtailcore.task", "pk": 2, "fields": {"name": "Подтверждение публикации", "content_type": 3, "active": true}}, {"model": "wagtailcore.workflow", "pk": 1, "fields": {"name": "Moderators approval", "active": false}}, {"model": "wagtailcore.workflow", "pk": 2, "fields": {"name": "Проверка страниц", "active": true}}, {"model": "wagtailcore.groupapprovaltask", "pk": 1, "fields": {"groups": [1]}}, {"model": "wagtailcore.groupapprovaltask", "pk": 2, "fields": {"groups": [1]}}, {"model": "wagtailcore.pagelogentry", "pk": 1, "fields": {"content_type": 4, "label": "Home", "action": "wagtail.edit", "data": {}, "timestamp": "2024-12-11T09:20:49.581Z", "uuid": "9c9170eb-d437-47c0-9562-51604e3fce1e", "user": 1, "revision": 1, "content_changed": true, "deleted": false, "page": 3}}, {"model": "wagtailcore.pagelogentry", "pk": 2, "fields": {"content_type": 4, "label": "Главная страница", "action": "wagtail.publish", "data": {}, "timestamp": "2024-12-11T09:20:49.623Z", "uuid": "9c9170eb-d437-47c0-9562-51604e3fce1e", "user": 1, "revision": 1, "content_changed": true, "deleted": false, "page": 3}}, {"model": "wagtailcore.pagelogentry", "pk": 3, "fields": {"content_type": 4, "label": "Главная страница", "action": "wagtail.edit", "data": {}, "timestamp": "2024-12-11T09:32:36.282Z", "uuid": "ba938d48-763b-405e-b68c-226171672af0", "user": 1, "revision": 2, "content_changed": true, "deleted": false, "page": 3}}, {"model": "wagtailcore.pagelogentry", "pk": 4, "fields": {"content_type": 4, "label": "Главная страница", "action": "wagtail.publish", "data": {}, "timestamp": "2024-12-11T09:32:36.324Z", "uuid": "ba938d48-763b-405e-b68c-226171672af0", "user": 1, "revision": 2, "content_changed": true, "deleted": false, "page": 3}}, {"model": "wagtailcore.pagelogentry", "pk": 5, "fields": {"content_type": 4, "label": "Главная страница", "action": "wagtail.edit", "data": {}, "timestamp": "2024-12-11T09:32:54.483Z", "uuid": "b864efd6-e724-4499-bad5-975a23a9538a", "user": 1, "revision": 3, "content_changed": true, "deleted": false, "page": 3}}, {"model": "wagtailcore.pagelogentry", "pk": 6, "fields": {"content_type": 4, "label": "Главная страница", "action": "wagtail.publish", "data": {}, "timestamp": "2024-12-11T09:32:54.523Z", "uuid": "b864efd6-e724-4499-bad5-975a23a9538a", "user": 1, "revision": 3, "content_changed": true, "deleted": false, "page": 3}}, {"model": "wagtailcore.pagelogentry", "pk": 7, "fields": {"content_type": 35, "label": "О колледже", "action": "wagtail.create", "data": {}, "timestamp": "2024-12-11T10:24:23.012Z", "uuid": "557a21be-2214-43dd-b033-34b739372b85", "user": 1, "revision": null, "content_changed": true, "deleted": false, "page": 4}}, {"model": "wagtailcore.pagelogentry", "pk": 8, "fields": {"content_type": 35, "label": "О колледже", "action": "wagtail.edit", "data": {}, "timestamp": "2024-12-11T10:24:23.038Z", "uuid": "557a21be-2214-43dd-b033-34b739372b85", "user": 1, "revision": 4, "content_changed": true, "deleted": false, "page": 4}}, {"model": "wagtailcore.pagelogentry", "pk": 9, "fields": {"content_type": 35, "label": "О колледже", "action": "wagtail.publish", "data": {}, "timestamp": "2024-12-11T10:24:23.078Z", "uuid": "557a21be-2214-43dd-b033-34b739372b85", "user": 1, "revision": 4, "content_changed": true, "deleted": false, "page": 4}}, {"model": "wagtailcore.pagelogentry", "pk": 10, "fields": {"content_type": 35, "label": "Абитуриентам", "action": "wagtail.create", "data": {}, "timestamp": "2024-12-11T10:37:42.584Z", "uuid": "86bb876d-4eef-4907-9895-a3e8aefe2296", "user": 1, "revision": null, "content_changed": true, "deleted": false, "page": 5}}, {"model": "wagtailcore.pagelogentry", "pk": 11, "fields": {"content_type": 35, "label": "Абитуриентам", "action": "wagtail.edit", "data": {}, "timestamp": "2024-12-11T10:37:42.622Z", "uuid": "86bb876d-4eef-4907-9895-a3e8aefe2296", "user": 1, "revision": 5, "content_changed": true, "deleted": false, "page": 5}}, {"model": "wagtailcore.pagelogentry", "pk": 12, "fields": {"content_type": 35, "label": "Абитуриентам", "action": "wagtail.publish", "data": {}, "timestamp": "2024-12-11T10:37:42.665Z", "uuid": "86bb876d-4eef-4907-9895-a3e8aefe2296", "user": 1, "revision": 5, "content_changed": true, "deleted": false, "page": 5}}, {"model": "wagtailcore.pagelogentry", "pk": 13, "fields": {"content_type": 35, "label": "Абитуриентам", "action": "wagtail.edit", "data": {}, "timestamp": "2024-12-11T10:37:50.103Z", "uuid": "36d600dd-84dc-41ed-85c0-82e9e2d03889", "user": 1, "revision": 6, "content_changed": true, "deleted": false, "page": 5}}, {"model": "wagtailcore.pagelogentry", "pk": 14, "fields": {"content_type": 35, "label": "Абитуриентам", "action": "wagtail.publish", "data": {}, "timestamp": "2024-12-11T10:37:50.144Z", "uuid": "36d600dd-84dc-41ed-85c0-82e9e2d03889", "user": 1, "revision": 6, "content_changed": true, "deleted": false, "page": 5}}, {"model": "wagtailcore.pagelogentry", "pk": 15, "fields": {"content_type": 35, "label": "Воспитательная работа", "action": "wagtail.create", "data": {}, "timestamp": "2024-12-11T10:38:05.359Z", "uuid": "9d4ddd9c-dd52-42c4-a385-9804df24d75a", "user": 1, "revision": null, "content_changed": true, "deleted": false, "page": 6}}, {"model": "wagtailcore.pagelogentry", "pk": 16, "fields": {"content_type": 35, "label": "Воспитательная работа", "action": "wagtail.edit", "data": {}, "timestamp": "2024-12-11T10:38:05.399Z", "uuid": "9d4ddd9c-dd52-42c4-a385-9804df24d75a", "user": 1, "revision": 7, "content_changed": true, "deleted": false, "page": 6}}, {"model": "wagtailcore.pagelogentry", "pk": 17, "fields": {"content_type": 35, "label": "Воспитательная работа", "action": "wagtail.publish", "data": {}, "timestamp": "2024-12-11T10:38:05.443Z", "uuid": "9d4ddd9c-dd52-42c4-a385-9804df24d75a", "user": 1, "revision": 7, "content_changed": true, "deleted": false, "page": 6}}, {"model": "wagtailcore.pagelogentry", "pk": 18, "fields": {"content_type": 35, "label": "Персонали", "action": "wagtail.create", "data": {}, "timestamp": "2024-12-11T10:38:23.021Z", "uuid": "855700cd-6208-4c08-9dcb-890e386dacb9", "user": 1, "revision": null, "content_changed": true, "deleted": false, "page": 7}}, {"model": "wagtailcore.pagelogentry", "pk": 19, "fields": {"content_type": 35, "label": "Персонали", "action": "wagtail.edit", "data": {}, "timestamp": "2024-12-11T10:38:23.050Z", "uuid": "855700cd-6208-4c08-9dcb-890e386dacb9", "user": 1, "revision": 8, "content_changed": true, "deleted": false, "page": 7}}, {"model": "wagtailcore.pagelogentry", "pk": 20, "fields": {"content_type": 35, "label": "Персонали", "action": "wagtail.publish", "data": {}, "timestamp": "2024-12-11T10:38:23.091Z", "uuid": "855700cd-6208-4c08-9dcb-890e386dacb9", "user": 1, "revision": 8, "content_changed": true, "deleted": false, "page": 7}}, {"model": "wagtailcore.pagelogentry", "pk": 21, "fields": {"content_type": 35, "label": "Работа с гражданами", "action": "wagtail.create", "data": {}, "timestamp": "2024-12-11T10:38:49.677Z", "uuid": "50f6696f-b19f-41c0-9042-ba8b719f49a1", "user": 1, "revision": null, "content_changed": true, "deleted": false, "page": 8}}, {"model": "wagtailcore.pagelogentry", "pk": 22, "fields": {"content_type": 35, "label": "Работа с гражданами", "action": "wagtail.edit", "data": {}, "timestamp": "2024-12-11T10:38:49.706Z", "uuid": "50f6696f-b19f-41c0-9042-ba8b719f49a1", "user": 1, "revision": 9, "content_changed": true, "deleted": false, "page": 8}}, {"model": "wagtailcore.pagelogentry", "pk": 23, "fields": {"content_type": 35, "label": "Работа с гражданами", "action": "wagtail.publish", "data": {}, "timestamp": "2024-12-11T10:38:49.763Z", "uuid": "50f6696f-b19f-41c0-9042-ba8b719f49a1", "user": 1, "revision": 9, "content_changed": true, "deleted": false, "page": 8}}, {"model": "wagtailcore.pagelogentry", "pk": 24, "fields": {"content_type": 35, "label": "Сервисы", "action": "wagtail.create", "data": {}, "timestamp": "2024-12-11T10:39:15.553Z", "uuid": "5306c3d9-cbe4-4554-adab-185cd2256068", "user": 1, "revision": null, "content_changed": true, "deleted": false, "page": 9}}, {"model": "wagtailcore.pagelogentry", "pk": 25, "fields": {"content_type": 35, "label": "Сервисы", "action": "wagtail.edit", "data": {}, "timestamp": "2024-12-11T10:39:15.587Z", "uuid": "5306c3d9-cbe4-4554-adab-185cd2256068", "user": 1, "revision": 10, "content_changed": true, "deleted": false, "page": 9}}, {"model": "wagtailcore.pagelogentry", "pk": 26, "fields": {"content_type": 35, "label": "Сервисы", "action": "wagtail.publish", "data": {}, "timestamp": "2024-12-11T10:39:15.627Z", "uuid": "5306c3d9-cbe4-4554-adab-185cd2256068", "user": 1, "revision": 10, "content_changed": true, "deleted": false, "page": 9}}, {"model": "wagtailcore.pagelogentry", "pk": 27, "fields": {"content_type": 35, "label": "Сервисы", "action": "wagtail.edit", "data": {}, "timestamp": "2024-12-11T10:39:23.333Z", "uuid": "36332461-a7ed-4816-8311-2842f636b0d6", "user": 1, "revision": 11, "content_changed": true, "deleted": false, "page": 9}}, {"model": "wagtailcore.pagelogentry", "pk": 28, "fields": {"content_type": 35, "label": "Сервисы", "action": "wagtail.publish", "data": {}, "timestamp": "2024-12-11T10:39:23.361Z", "uuid": "36332461-a7ed-4816-8311-2842f636b0d6", "user": 1, "revision": 11, "content_changed": true, "deleted": false, "page": 9}}, {"model": "wagtailcore.pagelogentry", "pk": 29, "fields": {"content_type": 29, "label": "Регистрационные документы", "action": "wagtail.create", "data": {}, "timestamp": "2024-12-11T10:40:27.804Z", "uuid": "8ad88bff-255b-4914-842b-5b1549c99b72", "user": 1, "revision": null, "content_changed": true, "deleted": false, "page": 10}}, {"model": "wagtailcore.pagelogentry", "pk": 30, "fields": {"content_type": 29, "label": "Регистрационные документы", "action": "wagtail.edit", "data": {}, "timestamp": "2024-12-11T10:40:27.830Z", "uuid": "8ad88bff-255b-4914-842b-5b1549c99b72", "user": 1, "revision": 12, "content_changed": true, "deleted": false, "page": 10}}, {"model": "wagtailcore.pagelogentry", "pk": 31, "fields": {"content_type": 29, "label": "Регистрационные документы", "action": "wagtail.publish", "data": {}, "timestamp": "2024-12-11T10:40:27.871Z", "uuid": "8ad88bff-255b-4914-842b-5b1549c99b72", "user": 1, "revision": 12, "content_changed": true, "deleted": false, "page": 10}}, {"model": "wagtailcore.pagelogentry", "pk": 32, "fields": {"content_type": 29, "label": "Устав колледжа", "action": "wagtail.create", "data": {}, "timestamp": "2024-12-11T10:43:04.570Z", "uuid": "86c3aba6-0563-4b03-b9ec-a66cf08d86f3", "user": 1, "revision": null, "content_changed": true, "deleted": false, "page": 11}}, {"model": "wagtailcore.pagelogentry", "pk": 33, "fields": {"content_type": 29, "label": "Устав колледжа", "action": "wagtail.edit", "data": {}, "timestamp": "2024-12-11T10:43:04.610Z", "uuid": "86c3aba6-0563-4b03-b9ec-a66cf08d86f3", "user": 1, "revision": 13, "content_changed": true, "deleted": false, "page": 11}}, {"model": "wagtailcore.pagelogentry", "pk": 34, "fields": {"content_type": 29, "label": "Устав колледжа", "action": "wagtail.publish", "data": {}, "timestamp": "2024-12-11T10:43:04.651Z", "uuid": "86c3aba6-0563-4b03-b9ec-a66cf08d86f3", "user": 1, "revision": 13, "content_changed": true, "deleted": false, "page": 11}}, {"model": "wagtailcore.pagelogentry", "pk": 35, "fields": {"content_type": 29, "label": "Структура колледжа", "action": "wagtail.create", "data": {}, "timestamp": "2024-12-11T10:43:33.849Z", "uuid": "a9e81fa2-c5d8-42c2-b237-8f591d54b973", "user": 1, "revision": null, "content_changed": true, "deleted": false, "page": 12}}, {"model": "wagtailcore.pagelogentry", "pk": 36, "fields": {"content_type": 29, "label": "Структура колледжа", "action": "wagtail.edit", "data": {}, "timestamp": "2024-12-11T10:43:33.879Z", "uuid": "a9e81fa2-c5d8-42c2-b237-8f591d54b973", "user": 1, "revision": 14, "content_changed": true, "deleted": false, "page": 12}}, {"model": "wagtailcore.pagelogentry", "pk": 37, "fields": {"content_type": 29, "label": "Структура колледжа", "action": "wagtail.publish", "data": {}, "timestamp": "2024-12-11T10:43:33.921Z", "uuid": "a9e81fa2-c5d8-42c2-b237-8f591d54b973", "user": 1, "revision": 14, "content_changed": true, "deleted": false, "page": 12}}, {"model": "wagtailcore.pagelogentry", "pk": 38, "fields": {"content_type": 35, "label": "Сервисы", "action": "wagtail.edit", "data": {}, "timestamp": "2024-12-12T09:05:49.869Z", "uuid": "5d0e60fd-454b-49c3-a5a0-b4db0f6c9d7b", "user": 1, "revision": 15, "content_changed": true, "deleted": false, "page": 9}}, {"model": "wagtailcore.pagelogentry", "pk": 39, "fields": {"content_type": 35, "label": "Сервисы", "action": "wagtail.publish", "data": {}, "timestamp": "2024-12-12T09:05:49.908Z", "uuid": "5d0e60fd-454b-49c3-a5a0-b4db0f6c9d7b", "user": 1, "revision": 15, "content_changed": false, "deleted": false, "page": 9}}, {"model": "wagtailcore.pagelogentry", "pk": 40, "fields": {"content_type": 29, "label": "Список поступивших в колледж", "action": "wagtail.create", "data": {}, "timestamp": "2024-12-12T09:16:09.271Z", "uuid": "b7f48aad-52ab-41d4-8e3a-5117089f2759", "user": 1, "revision": null, "content_changed": true, "deleted": false, "page": 13}}, {"model": "wagtailcore.pagelogentry", "pk": 41, "fields": {"content_type": 29, "label": "Список поступивших в колледж", "action": "wagtail.edit", "data": {}, "timestamp": "2024-12-12T09:16:09.307Z", "uuid": "b7f48aad-52ab-41d4-8e3a-5117089f2759", "user": 1, "revision": 16, "content_changed": true, "deleted": false, "page": 13}}, {"model": "wagtailcore.pagelogentry", "pk": 42, "fields": {"content_type": 29, "label": "Список поступивших в колледж", "action": "wagtail.publish", "data": {}, "timestamp": "2024-12-12T09:16:09.351Z", "uuid": "b7f48aad-52ab-41d4-8e3a-5117089f2759", "user": 1, "revision": 16, "content_changed": true, "deleted": false, "page": 13}}, {"model": "wagtailcore.pagelogentry", "pk": 43, "fields": {"content_type": 29, "label": "Список поступивших в колледж", "action": "wagtail.edit", "data": {}, "timestamp": "2024-12-12T09:17:05.046Z", "uuid": "88878267-363d-4b54-8b0a-278dde314156", "user": 1, "revision": 17, "content_changed": true, "deleted": false, "page": 13}}, {"model": "wagtailcore.pagelogentry", "pk": 44, "fields": {"content_type": 29, "label": "Список поступивших в колледж", "action": "wagtail.publish", "data": {}, "timestamp": "2024-12-12T09:17:05.087Z", "uuid": "88878267-363d-4b54-8b0a-278dde314156", "user": 1, "revision": 17, "content_changed": true, "deleted": false, "page": 13}}, {"model": "wagtailcore.pagelogentry", "pk": 45, "fields": {"content_type": 29, "label": "Список поступивших в колледж", "action": "wagtail.edit", "data": {}, "timestamp": "2024-12-12T09:24:37.113Z", "uuid": "bec5fd2a-3a9d-4b48-8067-c31efdaa26cd", "user": 1, "revision": 18, "content_changed": true, "deleted": false, "page": 13}}, {"model": "wagtailcore.pagelogentry", "pk": 46, "fields": {"content_type": 29, "label": "Материально-техническая база", "action": "wagtail.create", "data": {}, "timestamp": "2024-12-12T09:26:36.408Z", "uuid": "13306859-993d-4990-abf3-0516fce0937d", "user": 1, "revision": null, "content_changed": true, "deleted": false, "page": 14}}, {"model": "wagtailcore.pagelogentry", "pk": 47, "fields": {"content_type": 29, "label": "Материально-техническая база", "action": "wagtail.edit", "data": {}, "timestamp": "2024-12-12T09:26:36.444Z", "uuid": "13306859-993d-4990-abf3-0516fce0937d", "user": 1, "revision": 19, "content_changed": true, "deleted": false, "page": 14}}, {"model": "wagtailcore.pagelogentry", "pk": 48, "fields": {"content_type": 29, "label": "Материально-техническая база", "action": "wagtail.publish", "data": {}, "timestamp": "2024-12-12T09:26:36.503Z", "uuid": "13306859-993d-4990-abf3-0516fce0937d", "user": 1, "revision": 19, "content_changed": true, "deleted": false, "page": 14}}, {"model": "wagtailcore.pagelogentry", "pk": 49, "fields": {"content_type": 29, "label": "Продолжение обучения по сокращенной форме (ВУЗ)", "action": "wagtail.create", "data": {}, "timestamp": "2024-12-12T09:27:08.849Z", "uuid": "3dc9209d-9b3a-4e73-83fd-48a0764b292c", "user": 1, "revision": null, "content_changed": true, "deleted": false, "page": 15}}, {"model": "wagtailcore.pagelogentry", "pk": 50, "fields": {"content_type": 29, "label": "Продолжение обучения по сокращенной форме (ВУЗ)", "action": "wagtail.edit", "data": {}, "timestamp": "2024-12-12T09:27:08.885Z", "uuid": "3dc9209d-9b3a-4e73-83fd-48a0764b292c", "user": 1, "revision": 20, "content_changed": true, "deleted": false, "page": 15}}, {"model": "wagtailcore.pagelogentry", "pk": 51, "fields": {"content_type": 29, "label": "Продолжение обучения по сокращенной форме (ВУЗ)", "action": "wagtail.publish", "data": {}, "timestamp": "2024-12-12T09:27:08.929Z", "uuid": "3dc9209d-9b3a-4e73-83fd-48a0764b292c", "user": 1, "revision": 20, "content_changed": true, "deleted": false, "page": 15}}, {"model": "wagtailcore.pagelogentry", "pk": 52, "fields": {"content_type": 29, "label": "Платное обучение", "action": "wagtail.create", "data": {}, "timestamp": "2024-12-12T09:27:31.036Z", "uuid": "f12f6208-5416-4666-9f6b-ec68bf764b90", "user": 1, "revision": null, "content_changed": true, "deleted": false, "page": 16}}, {"model": "wagtailcore.pagelogentry", "pk": 53, "fields": {"content_type": 29, "label": "Платное обучение", "action": "wagtail.edit", "data": {}, "timestamp": "2024-12-12T09:27:31.075Z", "uuid": "f12f6208-5416-4666-9f6b-ec68bf764b90", "user": 1, "revision": 21, "content_changed": true, "deleted": false, "page": 16}}, {"model": "wagtailcore.pagelogentry", "pk": 54, "fields": {"content_type": 29, "label": "Платное обучение", "action": "wagtail.publish", "data": {}, "timestamp": "2024-12-12T09:27:31.117Z", "uuid": "f12f6208-5416-4666-9f6b-ec68bf764b90", "user": 1, "revision": 21, "content_changed": true, "deleted": false, "page": 16}}, {"model": "wagtailcore.pagelogentry", "pk": 55, "fields": {"content_type": 4, "label": "Главная страница", "action": "wagtail.edit", "data": {}, "timestamp": "2024-12-14T11:14:50.924Z", "uuid": "c8fbc08e-9ce6-41b5-a4e2-8af088ebde54", "user": 1, "revision": 22, "content_changed": true, "deleted": false, "page": 3}}, {"model": "wagtailcore.pagelogentry", "pk": 56, "fields": {"content_type": 4, "label": "Главная страница", "action": "wagtail.publish", "data": {}, "timestamp": "2024-12-14T11:14:50.977Z", "uuid": "c8fbc08e-9ce6-41b5-a4e2-8af088ebde54", "user": 1, "revision": 22, "content_changed": true, "deleted": false, "page": 3}}, {"model": "wagtailcore.pagelogentry", "pk": 57, "fields": {"content_type": 4, "label": "Главная страница", "action": "wagtail.edit", "data": {}, "timestamp": "2024-12-14T11:15:44.382Z", "uuid": "b6be5f66-572d-4d53-bae0-10e5fb1a7a5c", "user": 1, "revision": 23, "content_changed": true, "deleted": false, "page": 3}}, {"model": "wagtailcore.pagelogentry", "pk": 58, "fields": {"content_type": 4, "label": "Главная страница", "action": "wagtail.publish", "data": {}, "timestamp": "2024-12-14T11:15:44.435Z", "uuid": "b6be5f66-572d-4d53-bae0-10e5fb1a7a5c", "user": 1, "revision": 23, "content_changed": true, "deleted": false, "page": 3}}, {"model": "wagtailcore.pagelogentry", "pk": 59, "fields": {"content_type": 4, "label": "Главная страница", "action": "wagtail.edit", "data": {}, "timestamp": "2024-12-14T12:37:40.496Z", "uuid": "348567fc-d12a-48e1-aee6-d73c20408d2c", "user": 1, "revision": 24, "content_changed": true, "deleted": false, "page": 3}}, {"model": "wagtailcore.pagelogentry", "pk": 60, "fields": {"content_type": 4, "label": "Главная страница", "action": "wagtail.edit", "data": {}, "timestamp": "2024-12-14T12:37:54.061Z", "uuid": "0e275529-e5ca-4d3c-a8af-d44157c82085", "user": 1, "revision": 25, "content_changed": true, "deleted": false, "page": 3}}, {"model": "wagtailcore.pagelogentry", "pk": 61, "fields": {"content_type": 4, "label": "Главная страница", "action": "wagtail.edit", "data": {}, "timestamp": "2024-12-14T12:38:02.970Z", "uuid": "4c2ec2a0-1238-482b-9894-ca66a38edade", "user": 1, "revision": 26, "content_changed": true, "deleted": false, "page": 3}}, {"model": "wagtailcore.pagelogentry", "pk": 62, "fields": {"content_type": 4, "label": "Главная страница", "action": "wagtail.publish", "data": {}, "timestamp": "2024-12-14T12:38:03.024Z", "uuid": "4c2ec2a0-1238-482b-9894-ca66a38edade", "user": 1, "revision": 26, "content_changed": false, "deleted": false, "page": 3}}, {"model": "wagtailcore.pagelogentry", "pk": 63, "fields": {"content_type": 4, "label": "Главная страница", "action": "wagtail.edit", "data": {}, "timestamp": "2024-12-14T12:51:11.247Z", "uuid": "c6cb9a7a-d886-44e6-93f4-3568b7b6a93e", "user": 1, "revision": 27, "content_changed": true, "deleted": false, "page": 3}}, {"model": "wagtailcore.pagelogentry", "pk": 64, "fields": {"content_type": 4, "label": "Главная страница", "action": "wagtail.publish", "data": {}, "timestamp": "2024-12-14T12:51:11.295Z", "uuid": "c6cb9a7a-d886-44e6-93f4-3568b7b6a93e", "user": 1, "revision": 27, "content_changed": true, "deleted": false, "page": 3}}, {"model": "wagtailcore.pagelogentry", "pk": 65, "fields": {"content_type": 35, "label": "Абитуриентам", "action": "wagtail.edit", "data": {}, "timestamp": "2024-12-14T12:54:37.815Z", "uuid": "980b133c-6f29-431b-a46a-ee3f48c75409", "user": 1, "revision": 28, "content_changed": true, "deleted": false, "page": 5}}, {"model": "wagtailcore.pagelogentry", "pk": 66, "fields": {"content_type": 35, "label": "Абитуриентам", "action": "wagtail.publish", "data": {}, "timestamp": "2024-12-14T12:54:37.854Z", "uuid": "980b133c-6f29-431b-a46a-ee3f48c75409", "user": 1, "revision": 28, "content_changed": true, "deleted": false, "page": 5}}, {"model": "wagtailcore.pagelogentry", "pk": 67, "fields": {"content_type": 4, "label": "Главная страница", "action": "wagtail.edit", "data": {}, "timestamp": "2024-12-14T13:19:17.595Z", "uuid": "e62106d4-6fa6-4f68-bcb5-5f874a552da3", "user": 1, "revision": 29, "content_changed": true, "deleted": false, "page": 3}}, {"model": "wagtailcore.pagelogentry", "pk": 68, "fields": {"content_type": 4, "label": "Главная страница", "action": "wagtail.publish", "data": {}, "timestamp": "2024-12-14T13:19:17.648Z", "uuid": "e62106d4-6fa6-4f68-bcb5-5f874a552da3", "user": 1, "revision": 29, "content_changed": true, "deleted": false, "page": 3}}, {"model": "wagtailcore.pagelogentry", "pk": 69, "fields": {"content_type": 4, "label": "Главная страница", "action": "wagtail.edit", "data": {}, "timestamp": "2024-12-14T13:20:03.791Z", "uuid": "1f4dccd4-0869-4226-9e53-fba505f5f337", "user": 1, "revision": 30, "content_changed": true, "deleted": false, "page": 3}}, {"model": "wagtailcore.pagelogentry", "pk": 70, "fields": {"content_type": 4, "label": "Главная страница", "action": "wagtail.publish", "data": {}, "timestamp": "2024-12-14T13:20:03.837Z", "uuid": "1f4dccd4-0869-4226-9e53-fba505f5f337", "user": 1, "revision": 30, "content_changed": true, "deleted": false, "page": 3}}, {"model": "wagtailcore.pagesubscription", "pk": 1, "fields": {"user": 1, "page": 3, "comment_notifications": false}}, {"model": "wagtailcore.pagesubscription", "pk": 2, "fields": {"user": 1, "page": 4, "comment_notifications": true}}, {"model": "wagtailcore.pagesubscription", "pk": 3, "fields": {"user": 1, "page": 5, "comment_notifications": true}}, {"model": "wagtailcore.pagesubscription", "pk": 4, "fields": {"user": 1, "page": 6, "comment_notifications": true}}, {"model": "wagtailcore.pagesubscription", "pk": 5, "fields": {"user": 1, "page": 7, "comment_notifications": true}}, {"model": "wagtailcore.pagesubscription", "pk": 6, "fields": {"user": 1, "page": 8, "comment_notifications": true}}, {"model": "wagtailcore.pagesubscription", "pk": 7, "fields": {"user": 1, "page": 9, "comment_notifications": true}}, {"model": "wagtailcore.pagesubscription", "pk": 8, "fields": {"user": 1, "page": 10, "comment_notifications": true}}, {"model": "wagtailcore.pagesubscription", "pk": 9, "fields": {"user": 1, "page": 11, "comment_notifications": true}}, {"model": "wagtailcore.pagesubscription", "pk": 10, "fields": {"user": 1, "page": 12, "comment_notifications": true}}, {"model": "wagtailcore.pagesubscription", "pk": 11, "fields": {"user": 1, "page": 13, "comment_notifications": true}}, {"model": "wagtailcore.pagesubscription", "pk": 12, "fields": {"user": 1, "page": 14, "comment_notifications": true}}, {"model": "wagtailcore.pagesubscription", "pk": 13, "fields": {"user": 1, "page": 15, "comment_notifications": true}}, {"model": "wagtailcore.pagesubscription", "pk": 14, "fields": {"user": 1, "page": 16, "comment_notifications": true}}, {"model": "auth.permission", "pk": 1, "fields": {"name": "Can add image", "content_type": 2, "codename": "add_image"}}, {"model": "auth.permission", "pk": 2, "fields": {"name": "Can change image", "content_type": 2, "codename": "change_image"}}, {"model": "auth.permission", "pk": 3, "fields": {"name": "Can delete image", "content_type": 2, "codename": "delete_image"}}, {"model": "auth.permission", "pk": 4, "fields": {"name": "Can choose image", "content_type": 2, "codename": "choose_image"}}, {"model": "auth.permission", "pk": 5, "fields": {"name": "Can add locale", "content_type": 5, "codename": "add_locale"}}, {"model": "auth.permission", "pk": 6, "fields": {"name": "Can change locale", "content_type": 5, "codename": "change_locale"}}, {"model": "auth.permission", "pk": 7, "fields": {"name": "Can delete locale", "content_type": 5, "codename": "delete_locale"}}, {"model": "auth.permission", "pk": 8, "fields": {"name": "Can view locale", "content_type": 5, "codename": "view_locale"}}, {"model": "auth.permission", "pk": 9, "fields": {"name": "Can add site", "content_type": 6, "codename": "add_site"}}, {"model": "auth.permission", "pk": 10, "fields": {"name": "Can change site", "content_type": 6, "codename": "change_site"}}, {"model": "auth.permission", "pk": 11, "fields": {"name": "Can delete site", "content_type": 6, "codename": "delete_site"}}, {"model": "auth.permission", "pk": 12, "fields": {"name": "Can view site", "content_type": 6, "codename": "view_site"}}, {"model": "auth.permission", "pk": 13, "fields": {"name": "Can add model log entry", "content_type": 7, "codename": "add_modellogentry"}}, {"model": "auth.permission", "pk": 14, "fields": {"name": "Can change model log entry", "content_type": 7, "codename": "change_modellogentry"}}, {"model": "auth.permission", "pk": 15, "fields": {"name": "Can delete model log entry", "content_type": 7, "codename": "delete_modellogentry"}}, {"model": "auth.permission", "pk": 16, "fields": {"name": "Can view model log entry", "content_type": 7, "codename": "view_modellogentry"}}, {"model": "auth.permission", "pk": 17, "fields": {"name": "Can add collection view restriction", "content_type": 8, "codename": "add_collectionviewrestriction"}}, {"model": "auth.permission", "pk": 18, "fields": {"name": "Can change collection view restriction", "content_type": 8, "codename": "change_collectionviewrestriction"}}, {"model": "auth.permission", "pk": 19, "fields": {"name": "Can delete collection view restriction", "content_type": 8, "codename": "delete_collectionviewrestriction"}}, {"model": "auth.permission", "pk": 20, "fields": {"name": "Can view collection view restriction", "content_type": 8, "codename": "view_collectionviewrestriction"}}, {"model": "auth.permission", "pk": 21, "fields": {"name": "Can add collection", "content_type": 9, "codename": "add_collection"}}, {"model": "auth.permission", "pk": 22, "fields": {"name": "Can change collection", "content_type": 9, "codename": "change_collection"}}, {"model": "auth.permission", "pk": 23, "fields": {"name": "Can delete collection", "content_type": 9, "codename": "delete_collection"}}, {"model": "auth.permission", "pk": 24, "fields": {"name": "Can view collection", "content_type": 9, "codename": "view_collection"}}, {"model": "auth.permission", "pk": 25, "fields": {"name": "Can add group collection permission", "content_type": 10, "codename": "add_groupcollectionpermission"}}, {"model": "auth.permission", "pk": 26, "fields": {"name": "Can change group collection permission", "content_type": 10, "codename": "change_groupcollectionpermission"}}, {"model": "auth.permission", "pk": 27, "fields": {"name": "Can delete group collection permission", "content_type": 10, "codename": "delete_groupcollectionpermission"}}, {"model": "auth.permission", "pk": 28, "fields": {"name": "Can view group collection permission", "content_type": 10, "codename": "view_groupcollectionpermission"}}, {"model": "auth.permission", "pk": 29, "fields": {"name": "Can add uploaded file", "content_type": 11, "codename": "add_uploadedfile"}}, {"model": "auth.permission", "pk": 30, "fields": {"name": "Can change uploaded file", "content_type": 11, "codename": "change_uploadedfile"}}, {"model": "auth.permission", "pk": 31, "fields": {"name": "Can delete uploaded file", "content_type": 11, "codename": "delete_uploadedfile"}}, {"model": "auth.permission", "pk": 32, "fields": {"name": "Can view uploaded file", "content_type": 11, "codename": "view_uploadedfile"}}, {"model": "auth.permission", "pk": 33, "fields": {"name": "Can add reference index", "content_type": 12, "codename": "add_referenceindex"}}, {"model": "auth.permission", "pk": 34, "fields": {"name": "Can change reference index", "content_type": 12, "codename": "change_referenceindex"}}, {"model": "auth.permission", "pk": 35, "fields": {"name": "Can delete reference index", "content_type": 12, "codename": "delete_referenceindex"}}, {"model": "auth.permission", "pk": 36, "fields": {"name": "Can view reference index", "content_type": 12, "codename": "view_referenceindex"}}, {"model": "auth.permission", "pk": 37, "fields": {"name": "Can add page", "content_type": 1, "codename": "add_page"}}, {"model": "auth.permission", "pk": 38, "fields": {"name": "Can change page", "content_type": 1, "codename": "change_page"}}, {"model": "auth.permission", "pk": 39, "fields": {"name": "Can delete page", "content_type": 1, "codename": "delete_page"}}, {"model": "auth.permission", "pk": 40, "fields": {"name": "Can view page", "content_type": 1, "codename": "view_page"}}, {"model": "auth.permission", "pk": 41, "fields": {"name": "Delete pages with children", "content_type": 1, "codename": "bulk_delete_page"}}, {"model": "auth.permission", "pk": 42, "fields": {"name": "Lock/unlock pages you've locked", "content_type": 1, "codename": "lock_page"}}, {"model": "auth.permission", "pk": 43, "fields": {"name": "Publish any page", "content_type": 1, "codename": "publish_page"}}, {"model": "auth.permission", "pk": 44, "fields": {"name": "Unlock any page", "content_type": 1, "codename": "unlock_page"}}, {"model": "auth.permission", "pk": 45, "fields": {"name": "Can add revision", "content_type": 13, "codename": "add_revision"}}, {"model": "auth.permission", "pk": 46, "fields": {"name": "Can change revision", "content_type": 13, "codename": "change_revision"}}, {"model": "auth.permission", "pk": 47, "fields": {"name": "Can delete revision", "content_type": 13, "codename": "delete_revision"}}, {"model": "auth.permission", "pk": 48, "fields": {"name": "Can view revision", "content_type": 13, "codename": "view_revision"}}, {"model": "auth.permission", "pk": 49, "fields": {"name": "Can add group page permission", "content_type": 14, "codename": "add_grouppagepermission"}}, {"model": "auth.permission", "pk": 50, "fields": {"name": "Can change group page permission", "content_type": 14, "codename": "change_grouppagepermission"}}, {"model": "auth.permission", "pk": 51, "fields": {"name": "Can delete group page permission", "content_type": 14, "codename": "delete_grouppagepermission"}}, {"model": "auth.permission", "pk": 52, "fields": {"name": "Can view group page permission", "content_type": 14, "codename": "view_grouppagepermission"}}, {"model": "auth.permission", "pk": 53, "fields": {"name": "Can add page view restriction", "content_type": 15, "codename": "add_pageviewrestriction"}}, {"model": "auth.permission", "pk": 54, "fields": {"name": "Can change page view restriction", "content_type": 15, "codename": "change_pageviewrestriction"}}, {"model": "auth.permission", "pk": 55, "fields": {"name": "Can delete page view restriction", "content_type": 15, "codename": "delete_pageviewrestriction"}}, {"model": "auth.permission", "pk": 56, "fields": {"name": "Can view page view restriction", "content_type": 15, "codename": "view_pageviewrestriction"}}, {"model": "auth.permission", "pk": 57, "fields": {"name": "Can add workflow page", "content_type": 16, "codename": "add_workflowpage"}}, {"model": "auth.permission", "pk": 58, "fields": {"name": "Can change workflow page", "content_type": 16, "codename": "change_workflowpage"}}, {"model": "auth.permission", "pk": 59, "fields": {"name": "Can delete workflow page", "content_type": 16, "codename": "delete_workflowpage"}}, {"model": "auth.permission", "pk": 60, "fields": {"name": "Can view workflow page", "content_type": 16, "codename": "view_workflowpage"}}, {"model": "auth.permission", "pk": 61, "fields": {"name": "Can add workflow content type", "content_type": 17, "codename": "add_workflowcontenttype"}}, {"model": "auth.permission", "pk": 62, "fields": {"name": "Can change workflow content type", "content_type": 17, "codename": "change_workflowcontenttype"}}, {"model": "auth.permission", "pk": 63, "fields": {"name": "Can delete workflow content type", "content_type": 17, "codename": "delete_workflowcontenttype"}}, {"model": "auth.permission", "pk": 64, "fields": {"name": "Can view workflow content type", "content_type": 17, "codename": "view_workflowcontenttype"}}, {"model": "auth.permission", "pk": 65, "fields": {"name": "Can add workflow task order", "content_type": 18, "codename": "add_workflowtask"}}, {"model": "auth.permission", "pk": 66, "fields": {"name": "Can change workflow task order", "content_type": 18, "codename": "change_workflowtask"}}, {"model": "auth.permission", "pk": 67, "fields": {"name": "Can delete workflow task order", "content_type": 18, "codename": "delete_workflowtask"}}, {"model": "auth.permission", "pk": 68, "fields": {"name": "Can view workflow task order", "content_type": 18, "codename": "view_workflowtask"}}, {"model": "auth.permission", "pk": 69, "fields": {"name": "Can add task", "content_type": 19, "codename": "add_task"}}, {"model": "auth.permission", "pk": 70, "fields": {"name": "Can change task", "content_type": 19, "codename": "change_task"}}, {"model": "auth.permission", "pk": 71, "fields": {"name": "Can delete task", "content_type": 19, "codename": "delete_task"}}, {"model": "auth.permission", "pk": 72, "fields": {"name": "Can view task", "content_type": 19, "codename": "view_task"}}, {"model": "auth.permission", "pk": 73, "fields": {"name": "Can add workflow", "content_type": 20, "codename": "add_workflow"}}, {"model": "auth.permission", "pk": 74, "fields": {"name": "Can change workflow", "content_type": 20, "codename": "change_workflow"}}, {"model": "auth.permission", "pk": 75, "fields": {"name": "Can delete workflow", "content_type": 20, "codename": "delete_workflow"}}, {"model": "auth.permission", "pk": 76, "fields": {"name": "Can view workflow", "content_type": 20, "codename": "view_workflow"}}, {"model": "auth.permission", "pk": 77, "fields": {"name": "Can add Group approval task", "content_type": 3, "codename": "add_groupapprovaltask"}}, {"model": "auth.permission", "pk": 78, "fields": {"name": "Can change Group approval task", "content_type": 3, "codename": "change_groupapprovaltask"}}, {"model": "auth.permission", "pk": 79, "fields": {"name": "Can delete Group approval task", "content_type": 3, "codename": "delete_groupapprovaltask"}}, {"model": "auth.permission", "pk": 80, "fields": {"name": "Can view Group approval task", "content_type": 3, "codename": "view_groupapprovaltask"}}, {"model": "auth.permission", "pk": 81, "fields": {"name": "Can add Workflow state", "content_type": 21, "codename": "add_workflowstate"}}, {"model": "auth.permission", "pk": 82, "fields": {"name": "Can change Workflow state", "content_type": 21, "codename": "change_workflowstate"}}, {"model": "auth.permission", "pk": 83, "fields": {"name": "Can delete Workflow state", "content_type": 21, "codename": "delete_workflowstate"}}, {"model": "auth.permission", "pk": 84, "fields": {"name": "Can view Workflow state", "content_type": 21, "codename": "view_workflowstate"}}, {"model": "auth.permission", "pk": 85, "fields": {"name": "Can add Task state", "content_type": 22, "codename": "add_taskstate"}}, {"model": "auth.permission", "pk": 86, "fields": {"name": "Can change Task state", "content_type": 22, "codename": "change_taskstate"}}, {"model": "auth.permission", "pk": 87, "fields": {"name": "Can delete Task state", "content_type": 22, "codename": "delete_taskstate"}}, {"model": "auth.permission", "pk": 88, "fields": {"name": "Can view Task state", "content_type": 22, "codename": "view_taskstate"}}, {"model": "auth.permission", "pk": 89, "fields": {"name": "Can add page log entry", "content_type": 23, "codename": "add_pagelogentry"}}, {"model": "auth.permission", "pk": 90, "fields": {"name": "Can change page log entry", "content_type": 23, "codename": "change_pagelogentry"}}, {"model": "auth.permission", "pk": 91, "fields": {"name": "Can delete page log entry", "content_type": 23, "codename": "delete_pagelogentry"}}, {"model": "auth.permission", "pk": 92, "fields": {"name": "Can view page log entry", "content_type": 23, "codename": "view_pagelogentry"}}, {"model": "auth.permission", "pk": 93, "fields": {"name": "Can add comment", "content_type": 24, "codename": "add_comment"}}, {"model": "auth.permission", "pk": 94, "fields": {"name": "Can change comment", "content_type": 24, "codename": "change_comment"}}, {"model": "auth.permission", "pk": 95, "fields": {"name": "Can delete comment", "content_type": 24, "codename": "delete_comment"}}, {"model": "auth.permission", "pk": 96, "fields": {"name": "Can view comment", "content_type": 24, "codename": "view_comment"}}, {"model": "auth.permission", "pk": 97, "fields": {"name": "Can add comment reply", "content_type": 25, "codename": "add_commentreply"}}, {"model": "auth.permission", "pk": 98, "fields": {"name": "Can change comment reply", "content_type": 25, "codename": "change_commentreply"}}, {"model": "auth.permission", "pk": 99, "fields": {"name": "Can delete comment reply", "content_type": 25, "codename": "delete_commentreply"}}, {"model": "auth.permission", "pk": 100, "fields": {"name": "Can view comment reply", "content_type": 25, "codename": "view_commentreply"}}, {"model": "auth.permission", "pk": 101, "fields": {"name": "Can add page subscription", "content_type": 26, "codename": "add_pagesubscription"}}, {"model": "auth.permission", "pk": 102, "fields": {"name": "Can change page subscription", "content_type": 26, "codename": "change_pagesubscription"}}, {"model": "auth.permission", "pk": 103, "fields": {"name": "Can delete page subscription", "content_type": 26, "codename": "delete_pagesubscription"}}, {"model": "auth.permission", "pk": 104, "fields": {"name": "Can view page subscription", "content_type": 26, "codename": "view_pagesubscription"}}, {"model": "auth.permission", "pk": 105, "fields": {"name": "Can access Wagtail admin", "content_type": 27, "codename": "access_admin"}}, {"model": "auth.permission", "pk": 106, "fields": {"name": "Can add document", "content_type": 28, "codename": "add_document"}}, {"model": "auth.permission", "pk": 107, "fields": {"name": "Can change document", "content_type": 28, "codename": "change_document"}}, {"model": "auth.permission", "pk": 108, "fields": {"name": "Can delete document", "content_type": 28, "codename": "delete_document"}}, {"model": "auth.permission", "pk": 109, "fields": {"name": "Can choose document", "content_type": 28, "codename": "choose_document"}}, {"model": "auth.permission", "pk": 110, "fields": {"name": "Can add шаблон \"Главная\"", "content_type": 4, "codename": "add_homepage"}}, {"model": "auth.permission", "pk": 111, "fields": {"name": "Can change шаблон \"Главная\"", "content_type": 4, "codename": "change_homepage"}}, {"model": "auth.permission", "pk": 112, "fields": {"name": "Can delete шаблон \"Главная\"", "content_type": 4, "codename": "delete_homepage"}}, {"model": "auth.permission", "pk": 113, "fields": {"name": "Can view шаблон \"Главная\"", "content_type": 4, "codename": "view_homepage"}}, {"model": "auth.permission", "pk": 114, "fields": {"name": "Can add шаблон \"Страница\"", "content_type": 29, "codename": "add_basicpage"}}, {"model": "auth.permission", "pk": 115, "fields": {"name": "Can change шаблон \"Страница\"", "content_type": 29, "codename": "change_basicpage"}}, {"model": "auth.permission", "pk": 116, "fields": {"name": "Can delete шаблон \"Страница\"", "content_type": 29, "codename": "delete_basicpage"}}, {"model": "auth.permission", "pk": 117, "fields": {"name": "Can view шаблон \"Страница\"", "content_type": 29, "codename": "view_basicpage"}}, {"model": "auth.permission", "pk": 118, "fields": {"name": "Can add шаблон \"Блок событий\"", "content_type": 30, "codename": "add_eventpage"}}, {"model": "auth.permission", "pk": 119, "fields": {"name": "Can change шаблон \"Блок событий\"", "content_type": 30, "codename": "change_eventpage"}}, {"model": "auth.permission", "pk": 120, "fields": {"name": "Can delete шаблон \"Блок событий\"", "content_type": 30, "codename": "delete_eventpage"}}, {"model": "auth.permission", "pk": 121, "fields": {"name": "Can view шаблон \"Блок событий\"", "content_type": 30, "codename": "view_eventpage"}}, {"model": "auth.permission", "pk": 122, "fields": {"name": "Can add шаблон \"Галерея\"", "content_type": 31, "codename": "add_gallerypage"}}, {"model": "auth.permission", "pk": 123, "fields": {"name": "Can change шаблон \"Галерея\"", "content_type": 31, "codename": "change_gallerypage"}}, {"model": "auth.permission", "pk": 124, "fields": {"name": "Can delete шаблон \"Галерея\"", "content_type": 31, "codename": "delete_gallerypage"}}, {"model": "auth.permission", "pk": 125, "fields": {"name": "Can view шаблон \"Галерея\"", "content_type": 31, "codename": "view_gallerypage"}}, {"model": "auth.permission", "pk": 126, "fields": {"name": "Can add Новость", "content_type": 32, "codename": "add_news"}}, {"model": "auth.permission", "pk": 127, "fields": {"name": "Can change Новость", "content_type": 32, "codename": "change_news"}}, {"model": "auth.permission", "pk": 128, "fields": {"name": "Can delete Новость", "content_type": 32, "codename": "delete_news"}}, {"model": "auth.permission", "pk": 129, "fields": {"name": "Can view Новость", "content_type": 32, "codename": "view_news"}}, {"model": "auth.permission", "pk": 130, "fields": {"name": "Can add шаблон \"Блок новостей\"", "content_type": 33, "codename": "add_newspage"}}, {"model": "auth.permission", "pk": 131, "fields": {"name": "Can change шаблон \"Блок новостей\"", "content_type": 33, "codename": "change_newspage"}}, {"model": "auth.permission", "pk": 132, "fields": {"name": "Can delete шаблон \"Блок новостей\"", "content_type": 33, "codename": "delete_newspage"}}, {"model": "auth.permission", "pk": 133, "fields": {"name": "Can view шаблон \"Блок новостей\"", "content_type": 33, "codename": "view_newspage"}}, {"model": "auth.permission", "pk": 134, "fields": {"name": "Can add шаблон \"Летопись\"", "content_type": 34, "codename": "add_timelinepage"}}, {"model": "auth.permission", "pk": 135, "fields": {"name": "Can change шаблон \"Летопись\"", "content_type": 34, "codename": "change_timelinepage"}}, {"model": "auth.permission", "pk": 136, "fields": {"name": "Can delete шаблон \"Летопись\"", "content_type": 34, "codename": "delete_timelinepage"}}, {"model": "auth.permission", "pk": 137, "fields": {"name": "Can view шаблон \"Летопись\"", "content_type": 34, "codename": "view_timelinepage"}}, {"model": "auth.permission", "pk": 138, "fields": {"name": "Can add шаблон \"Раздел\"", "content_type": 35, "codename": "add_topic"}}, {"model": "auth.permission", "pk": 139, "fields": {"name": "Can change шаблон \"Раздел\"", "content_type": 35, "codename": "change_topic"}}, {"model": "auth.permission", "pk": 140, "fields": {"name": "Can delete шаблон \"Раздел\"", "content_type": 35, "codename": "delete_topic"}}, {"model": "auth.permission", "pk": 141, "fields": {"name": "Can view шаблон \"Раздел\"", "content_type": 35, "codename": "view_topic"}}, {"model": "auth.permission", "pk": 142, "fields": {"name": "Can add Анонс", "content_type": 36, "codename": "add_homepageanonsgallery"}}, {"model": "auth.permission", "pk": 143, "fields": {"name": "Can change Анонс", "content_type": 36, "codename": "change_homepageanonsgallery"}}, {"model": "auth.permission", "pk": 144, "fields": {"name": "Can delete Анонс", "content_type": 36, "codename": "delete_homepageanonsgallery"}}, {"model": "auth.permission", "pk": 145, "fields": {"name": "Can view Анонс", "content_type": 36, "codename": "view_homepageanonsgallery"}}, {"model": "auth.permission", "pk": 146, "fields": {"name": "Can add Банер", "content_type": 37, "codename": "add_homepagebannergallery"}}, {"model": "auth.permission", "pk": 147, "fields": {"name": "Can change Банер", "content_type": 37, "codename": "change_homepagebannergallery"}}, {"model": "auth.permission", "pk": 148, "fields": {"name": "Can delete Банер", "content_type": 37, "codename": "delete_homepagebannergallery"}}, {"model": "auth.permission", "pk": 149, "fields": {"name": "Can view Банер", "content_type": 37, "codename": "view_homepagebannergallery"}}, {"model": "auth.permission", "pk": 150, "fields": {"name": "Can add Карточка", "content_type": 38, "codename": "add_homepagegallery"}}, {"model": "auth.permission", "pk": 151, "fields": {"name": "Can change Карточка", "content_type": 38, "codename": "change_homepagegallery"}}, {"model": "auth.permission", "pk": 152, "fields": {"name": "Can delete Карточка", "content_type": 38, "codename": "delete_homepagegallery"}}, {"model": "auth.permission", "pk": 153, "fields": {"name": "Can view Карточка", "content_type": 38, "codename": "view_homepagegallery"}}, {"model": "auth.permission", "pk": 154, "fields": {"name": "Can add form submission", "content_type": 39, "codename": "add_formsubmission"}}, {"model": "auth.permission", "pk": 155, "fields": {"name": "Can change form submission", "content_type": 39, "codename": "change_formsubmission"}}, {"model": "auth.permission", "pk": 156, "fields": {"name": "Can delete form submission", "content_type": 39, "codename": "delete_formsubmission"}}, {"model": "auth.permission", "pk": 157, "fields": {"name": "Can view form submission", "content_type": 39, "codename": "view_formsubmission"}}, {"model": "auth.permission", "pk": 158, "fields": {"name": "Can add redirect", "content_type": 40, "codename": "add_redirect"}}, {"model": "auth.permission", "pk": 159, "fields": {"name": "Can change redirect", "content_type": 40, "codename": "change_redirect"}}, {"model": "auth.permission", "pk": 160, "fields": {"name": "Can delete redirect", "content_type": 40, "codename": "delete_redirect"}}, {"model": "auth.permission", "pk": 161, "fields": {"name": "Can view redirect", "content_type": 40, "codename": "view_redirect"}}, {"model": "auth.permission", "pk": 162, "fields": {"name": "Can add embed", "content_type": 41, "codename": "add_embed"}}, {"model": "auth.permission", "pk": 163, "fields": {"name": "Can change embed", "content_type": 41, "codename": "change_embed"}}, {"model": "auth.permission", "pk": 164, "fields": {"name": "Can delete embed", "content_type": 41, "codename": "delete_embed"}}, {"model": "auth.permission", "pk": 165, "fields": {"name": "Can view embed", "content_type": 41, "codename": "view_embed"}}, {"model": "auth.permission", "pk": 166, "fields": {"name": "Can add user profile", "content_type": 42, "codename": "add_userprofile"}}, {"model": "auth.permission", "pk": 167, "fields": {"name": "Can change user profile", "content_type": 42, "codename": "change_userprofile"}}, {"model": "auth.permission", "pk": 168, "fields": {"name": "Can delete user profile", "content_type": 42, "codename": "delete_userprofile"}}, {"model": "auth.permission", "pk": 169, "fields": {"name": "Can view user profile", "content_type": 42, "codename": "view_userprofile"}}, {"model": "auth.permission", "pk": 170, "fields": {"name": "Can view document", "content_type": 28, "codename": "view_document"}}, {"model": "auth.permission", "pk": 171, "fields": {"name": "Can view image", "content_type": 2, "codename": "view_image"}}, {"model": "auth.permission", "pk": 172, "fields": {"name": "Can add rendition", "content_type": 43, "codename": "add_rendition"}}, {"model": "auth.permission", "pk": 173, "fields": {"name": "Can change rendition", "content_type": 43, "codename": "change_rendition"}}, {"model": "auth.permission", "pk": 174, "fields": {"name": "Can delete rendition", "content_type": 43, "codename": "delete_rendition"}}, {"model": "auth.permission", "pk": 175, "fields": {"name": "Can view rendition", "content_type": 43, "codename": "view_rendition"}}, {"model": "auth.permission", "pk": 176, "fields": {"name": "Can add index entry", "content_type": 44, "codename": "add_indexentry"}}, {"model": "auth.permission", "pk": 177, "fields": {"name": "Can change index entry", "content_type": 44, "codename": "change_indexentry"}}, {"model": "auth.permission", "pk": 178, "fields": {"name": "Can delete index entry", "content_type": 44, "codename": "delete_indexentry"}}, {"model": "auth.permission", "pk": 179, "fields": {"name": "Can view index entry", "content_type": 44, "codename": "view_indexentry"}}, {"model": "auth.permission", "pk": 180, "fields": {"name": "Can add sqliteftsindexentry", "content_type": 45, "codename": "add_sqliteftsindexentry"}}, {"model": "auth.permission", "pk": 181, "fields": {"name": "Can change sqliteftsindexentry", "content_type": 45, "codename": "change_sqliteftsindexentry"}}, {"model": "auth.permission", "pk": 182, "fields": {"name": "Can delete sqliteftsindexentry", "content_type": 45, "codename": "delete_sqliteftsindexentry"}}, {"model": "auth.permission", "pk": 183, "fields": {"name": "Can view sqliteftsindexentry", "content_type": 45, "codename": "view_sqliteftsindexentry"}}, {"model": "auth.permission", "pk": 184, "fields": {"name": "Can add editing session", "content_type": 46, "codename": "add_editingsession"}}, {"model": "auth.permission", "pk": 185, "fields": {"name": "Can change editing session", "content_type": 46, "codename": "change_editingsession"}}, {"model": "auth.permission", "pk": 186, "fields": {"name": "Can delete editing session", "content_type": 46, "codename": "delete_editingsession"}}, {"model": "auth.permission", "pk": 187, "fields": {"name": "Can view editing session", "content_type": 46, "codename": "view_editingsession"}}, {"model": "auth.permission", "pk": 188, "fields": {"name": "Can add tag", "content_type": 47, "codename": "add_tag"}}, {"model": "auth.permission", "pk": 189, "fields": {"name": "Can change tag", "content_type": 47, "codename": "change_tag"}}, {"model": "auth.permission", "pk": 190, "fields": {"name": "Can delete tag", "content_type": 47, "codename": "delete_tag"}}, {"model": "auth.permission", "pk": 191, "fields": {"name": "Can view tag", "content_type": 47, "codename": "view_tag"}}, {"model": "auth.permission", "pk": 192, "fields": {"name": "Can add tagged item", "content_type": 48, "codename": "add_taggeditem"}}, {"model": "auth.permission", "pk": 193, "fields": {"name": "Can change tagged item", "content_type": 48, "codename": "change_taggeditem"}}, {"model": "auth.permission", "pk": 194, "fields": {"name": "Can delete tagged item", "content_type": 48, "codename": "delete_taggeditem"}}, {"model": "auth.permission", "pk": 195, "fields": {"name": "Can view tagged item", "content_type": 48, "codename": "view_taggeditem"}}, {"model": "auth.permission", "pk": 196, "fields": {"name": "Can add log entry", "content_type": 49, "codename": "add_logentry"}}, {"model": "auth.permission", "pk": 197, "fields": {"name": "Can change log entry", "content_type": 49, "codename": "change_logentry"}}, {"model": "auth.permission", "pk": 198, "fields": {"name": "Can delete log entry", "content_type": 49, "codename": "delete_logentry"}}, {"model": "auth.permission", "pk": 199, "fields": {"name": "Can view log entry", "content_type": 49, "codename": "view_logentry"}}, {"model": "auth.permission", "pk": 200, "fields": {"name": "Can add permission", "content_type": 50, "codename": "add_permission"}}, {"model": "auth.permission", "pk": 201, "fields": {"name": "Can change permission", "content_type": 50, "codename": "change_permission"}}, {"model": "auth.permission", "pk": 202, "fields": {"name": "Can delete permission", "content_type": 50, "codename": "delete_permission"}}, {"model": "auth.permission", "pk": 203, "fields": {"name": "Can view permission", "content_type": 50, "codename": "view_permission"}}, {"model": "auth.permission", "pk": 204, "fields": {"name": "Can add group", "content_type": 51, "codename": "add_group"}}, {"model": "auth.permission", "pk": 205, "fields": {"name": "Can change group", "content_type": 51, "codename": "change_group"}}, {"model": "auth.permission", "pk": 206, "fields": {"name": "Can delete group", "content_type": 51, "codename": "delete_group"}}, {"model": "auth.permission", "pk": 207, "fields": {"name": "Can view group", "content_type": 51, "codename": "view_group"}}, {"model": "auth.permission", "pk": 208, "fields": {"name": "Can add user", "content_type": 52, "codename": "add_user"}}, {"model": "auth.permission", "pk": 209, "fields": {"name": "Can change user", "content_type": 52, "codename": "change_user"}}, {"model": "auth.permission", "pk": 210, "fields": {"name": "Can delete user", "content_type": 52, "codename": "delete_user"}}, {"model": "auth.permission", "pk": 211, "fields": {"name": "Can view user", "content_type": 52, "codename": "view_user"}}, {"model": "auth.permission", "pk": 212, "fields": {"name": "Can add content type", "content_type": 53, "codename": "add_contenttype"}}, {"model": "auth.permission", "pk": 213, "fields": {"name": "Can change content type", "content_type": 53, "codename": "change_contenttype"}}, {"model": "auth.permission", "pk": 214, "fields": {"name": "Can delete content type", "content_type": 53, "codename": "delete_contenttype"}}, {"model": "auth.permission", "pk": 215, "fields": {"name": "Can view content type", "content_type": 53, "codename": "view_contenttype"}}, {"model": "auth.permission", "pk": 216, "fields": {"name": "Can add session", "content_type": 54, "codename": "add_session"}}, {"model": "auth.permission", "pk": 217, "fields": {"name": "Can change session", "content_type": 54, "codename": "change_session"}}, {"model": "auth.permission", "pk": 218, "fields": {"name": "Can delete session", "content_type": 54, "codename": "delete_session"}}, {"model": "auth.permission", "pk": 219, "fields": {"name": "Can view session", "content_type": 54, "codename": "view_session"}}, {"model": "auth.group", "pk": 1, "fields": {"name": "Администратор", "permissions": [105, 106, 107, 109, 108, 1, 2, 3]}}, {"model": "auth.group", "pk": 2, "fields": {"name": "Редактор", "permissions": [105, 106, 107, 109, 108, 1, 2, 3]}}, {"model": "auth.user", "pk": 1, "fields": {"password": "pbkdf2_sha256$870000$mkdbV5k3LwHp4EOxqDeOlE$uBLnQ4TFnWcgvIPH+DEUNrueqWLMu9KLvY2fbFN4tBE=", "last_login": "2024-12-12T09:04:19.957Z", "is_superuser": true, "username": "1", "first_name": "Дионисий", "last_name": "Бровка", "email": "dionisiu.brovka@gmail.com", "is_staff": true, "is_active": true, "date_joined": "2024-12-11T09:16:32.036Z", "groups": [], "user_permissions": []}}, {"model": "contenttypes.contenttype", "pk": 1, "fields": {"app_label": "wagtailcore", "model": "page"}}, {"model": "contenttypes.contenttype", "pk": 2, "fields": {"app_label": "wagtailimages", "model": "image"}}, {"model": "contenttypes.contenttype", "pk": 3, "fields": {"app_label": "wagtailcore", "model": "groupapprovaltask"}}, {"model": "contenttypes.contenttype", "pk": 4, "fields": {"app_label": "home", "model": "homepage"}}, {"model": "contenttypes.contenttype", "pk": 5, "fields": {"app_label": "wagtailcore", "model": "locale"}}, {"model": "contenttypes.contenttype", "pk": 6, "fields": {"app_label": "wagtailcore", "model": "site"}}, {"model": "contenttypes.contenttype", "pk": 7, "fields": {"app_label": "wagtailcore", "model": "modellogentry"}}, {"model": "contenttypes.contenttype", "pk": 8, "fields": {"app_label": "wagtailcore", "model": "collectionviewrestriction"}}, {"model": "contenttypes.contenttype", "pk": 9, "fields": {"app_label": "wagtailcore", "model": "collection"}}, {"model": "contenttypes.contenttype", "pk": 10, "fields": {"app_label": "wagtailcore", "model": "groupcollectionpermission"}}, {"model": "contenttypes.contenttype", "pk": 11, "fields": {"app_label": "wagtailcore", "model": "uploadedfile"}}, {"model": "contenttypes.contenttype", "pk": 12, "fields": {"app_label": "wagtailcore", "model": "referenceindex"}}, {"model": "contenttypes.contenttype", "pk": 13, "fields": {"app_label": "wagtailcore", "model": "revision"}}, {"model": "contenttypes.contenttype", "pk": 14, "fields": {"app_label": "wagtailcore", "model": "grouppagepermission"}}, {"model": "contenttypes.contenttype", "pk": 15, "fields": {"app_label": "wagtailcore", "model": "pageviewrestriction"}}, {"model": "contenttypes.contenttype", "pk": 16, "fields": {"app_label": "wagtailcore", "model": "workflowpage"}}, {"model": "contenttypes.contenttype", "pk": 17, "fields": {"app_label": "wagtailcore", "model": "workflowcontenttype"}}, {"model": "contenttypes.contenttype", "pk": 18, "fields": {"app_label": "wagtailcore", "model": "workflowtask"}}, {"model": "contenttypes.contenttype", "pk": 19, "fields": {"app_label": "wagtailcore", "model": "task"}}, {"model": "contenttypes.contenttype", "pk": 20, "fields": {"app_label": "wagtailcore", "model": "workflow"}}, {"model": "contenttypes.contenttype", "pk": 21, "fields": {"app_label": "wagtailcore", "model": "workflowstate"}}, {"model": "contenttypes.contenttype", "pk": 22, "fields": {"app_label": "wagtailcore", "model": "taskstate"}}, {"model": "contenttypes.contenttype", "pk": 23, "fields": {"app_label": "wagtailcore", "model": "pagelogentry"}}, {"model": "contenttypes.contenttype", "pk": 24, "fields": {"app_label": "wagtailcore", "model": "comment"}}, {"model": "contenttypes.contenttype", "pk": 25, "fields": {"app_label": "wagtailcore", "model": "commentreply"}}, {"model": "contenttypes.contenttype", "pk": 26, "fields": {"app_label": "wagtailcore", "model": "pagesubscription"}}, {"model": "contenttypes.contenttype", "pk": 27, "fields": {"app_label": "wagtailadmin", "model": "admin"}}, {"model": "contenttypes.contenttype", "pk": 28, "fields": {"app_label": "wagtaildocs", "model": "document"}}, {"model": "contenttypes.contenttype", "pk": 29, "fields": {"app_label": "home", "model": "basicpage"}}, {"model": "contenttypes.contenttype", "pk": 30, "fields": {"app_label": "home", "model": "eventpage"}}, {"model": "contenttypes.contenttype", "pk": 31, "fields": {"app_label": "home", "model": "gallerypage"}}, {"model": "contenttypes.contenttype", "pk": 32, "fields": {"app_label": "home", "model": "news"}}, {"model": "contenttypes.contenttype", "pk": 33, "fields": {"app_label": "home", "model": "newspage"}}, {"model": "contenttypes.contenttype", "pk": 34, "fields": {"app_label": "home", "model": "timelinepage"}}, {"model": "contenttypes.contenttype", "pk": 35, "fields": {"app_label": "home", "model": "topic"}}, {"model": "contenttypes.contenttype", "pk": 36, "fields": {"app_label": "home", "model": "homepageanonsgallery"}}, {"model": "contenttypes.contenttype", "pk": 37, "fields": {"app_label": "home", "model": "homepagebannergallery"}}, {"model": "contenttypes.contenttype", "pk": 38, "fields": {"app_label": "home", "model": "homepagegallery"}}, {"model": "contenttypes.contenttype", "pk": 39, "fields": {"app_label": "wagtailforms", "model": "formsubmission"}}, {"model": "contenttypes.contenttype", "pk": 40, "fields": {"app_label": "wagtailredirects", "model": "redirect"}}, {"model": "contenttypes.contenttype", "pk": 41, "fields": {"app_label": "wagtailembeds", "model": "embed"}}, {"model": "contenttypes.contenttype", "pk": 42, "fields": {"app_label": "wagtailusers", "model": "userprofile"}}, {"model": "contenttypes.contenttype", "pk": 43, "fields": {"app_label": "wagtailimages", "model": "rendition"}}, {"model": "contenttypes.contenttype", "pk": 44, "fields": {"app_label": "wagtailsearch", "model": "indexentry"}}, {"model": "contenttypes.contenttype", "pk": 45, "fields": {"app_label": "wagtailsearch", "model": "sqliteftsindexentry"}}, {"model": "contenttypes.contenttype", "pk": 46, "fields": {"app_label": "wagtailadmin", "model": "editingsession"}}, {"model": "contenttypes.contenttype", "pk": 47, "fields": {"app_label": "taggit", "model": "tag"}}, {"model": "contenttypes.contenttype", "pk": 48, "fields": {"app_label": "taggit", "model": "taggeditem"}}, {"model": "contenttypes.contenttype", "pk": 49, "fields": {"app_label": "admin", "model": "logentry"}}, {"model": "contenttypes.contenttype", "pk": 50, "fields": {"app_label": "auth", "model": "permission"}}, {"model": "contenttypes.contenttype", "pk": 51, "fields": {"app_label": "auth", "model": "group"}}, {"model": "contenttypes.contenttype", "pk": 52, "fields": {"app_label": "auth", "model": "user"}}, {"model": "contenttypes.contenttype", "pk": 53, "fields": {"app_label": "contenttypes", "model": "contenttype"}}, {"model": "contenttypes.contenttype", "pk": 54, "fields": {"app_label": "sessions", "model": "session"}}, {"model": "sessions.session", "pk": "9xtkv2cdp0qxcq2hfmt9gdg2vu0lomk9", "fields": {"session_data": ".eJzFVm1vozgQ_i-Rki9pkLEhkEp8gLzc9VSaKk3Vl9UKGTCJW4KzmDTJnu6_r8EJMbTS6nQfTgIDz4xn5hnP2PzdCfCuWAc7TvKAxp3rjt65UrEQR-8kKwXxG85WTItYVuQ01EoV7STlms9iknon3YaBNeZrMTu0TQuHhmUDO7SMoU0MhCLDCJGV2JAgYiZhpBMYJVaSIFvXgY1MEiI7MgEBdhyVRjnhnLIsIIctzY-da3DV2eNVgWk62Obkg5L9AHWuv3UinicbGscp2eOcFEwE5bx4q7f963z0tPbBMTP50PXC--H74jl5LyIwPr48v3I93EXDxcdD9mgejsRabObLdfz68Lxw56NeRg6F04UzHG9oJp5bvCJcPHVx9wpapMTpTkB3hMrR86oRVCOsxskZ0bv2rF899GqE1QiUCVLVrvChxHsrnKYkPw6W86V7G8zmC__BgTV6c3ezvPkC92_ugrtH_4RfrPjus4LrAFxE-oBuBDUHKYikZ4O-ws2UwUtoeuZT051Wo668SybGeXKL56wyNNIVsadkTI5IcWNrasiiJpnM_0xxaZ1dthIMz_ZLx4rHcb8LdXmpxuNGMuaLyXThqAqT6e10OXVqBJxSCBXkUiGuymKm5NLsK1k5fcyU2GWiTIWfoeCnlXD7CkM5b6xVmDs5l1s5v1YTkPevfakhuo2wpUe5Wn1N09SkXBZprPpVO0Pmxjr7kmtSeVEIua15Yhwpcdm_jUshNFVIS6IyBNSIPG6spawAFTlXAM5YxoOvehW0ZM2ObUvbfduSfu7eEGeZ2Gy_9twStl23xG3fbfFn5zzdrZw125AeJyyQlS5ecR6tg5jwKKfbQuzbTi9imw3JCt6Kr4bbkdWCdkwXQSOa3ooFKf0gAS6cXnVKVK-dK91Chm5DZEFtBG1gmOj757PDrM4OaTnIWEETGuEycO6wrPfVoRKOfrwJ3vZPA-43Q87z7f3QXbI__0AP_P7JZ-HHiPsuDP-a3rJwwg9LlPqW92w93f142u1fXuWhop4eQNk2beV4QM3eVLfQuu5P3d4LWXx0upbXhTBMWfQuTinYRW7X9CT4To4nBEK8Wv-0yi84FmMhwqlFHzQs_wnKnSyAAMKBLi4Q6MMBGg2gOdBH8DLxuCX1xF3Gi2NK4loak22xlmIgEZqlNCMPpdpC_FUQJURzIlXEItDi2JZWBFiScFI0DKYkW519IFNiNU_QtSa13RgX-GRPGBMCRSZ9-nh7UYAQqB8NopP5-NGf3i1roptdgUOaChu1jv-4dL3b6SUXDfciWXla64o_iZhFu6qyT38WM5ZvdO2Q8kNtIaGCLN5cwvhCh8a1VC_fJM3qkt2qFMx_K7bfdDxfs31As0Bw2sk2-n-3AGBbhgYsaA0R_P7PLz82FXk:1tMS3Q:eZ0G4k2Jc7rQFwfqRsO8MrASw0repZSsRTOrobvl_Xc", "expire_date": "2024-12-28T13:19:32.928Z"}}, {"model": "sessions.session", "pk": "ctszurl1en3uhvxhyixcgtx2347p10vj", "fields": {"session_data": ".eJzVV-tv4jgQ_1-QypcuyI7jxKzEhwChLSVQnqWcTshJHHDJizx4ne5_v5DQbnis7ljd6XYlZJz5je3x_GbG9h-FGY2jxSwOWTDjZuFrARa-5GU6NZbMPQDmO3XnXtnw3CjgevmgUj6iYVnzTGbXjronEyxouEhG6wTLVBdlAoguixJhIkKGKOpItojAEMOWbkAmGJZsWYhACAjCTEfEwIABYhqHSUMWhtxzZ2zr82BX-Aq-FDZ0HlFul_yArTnblFDh628FIwwsh5umzTY0YJGXGFX16ot1aAzehIh0xmMDy8_Q7a8Mjbx6zpDvoEvqlWCDVeERoH3c8tqOjtlQ95gs7Lq9IS66bBtVixGPbFa9a4C7Cjq0tVragrQV0rbxIYF3pHmf_sG0FdIW5AZkqiSVS5m8OKe2zYJdadgdKu1Zs9vXBlX4KX3qPA2frsi1p86sM9KO8m-zaMokJ4cAfINAiTt0znKTgFJue0puG-DD_kSipn057R917vNT8CQ8vGpeYJ4s0e031P6JpKG21aFaLVLXc8PZtf2DM-zUC-fouS_O0EuP6NR1k0i9vvIZeL70GXy-9jl8uXhox_PqwnNYMWTeLCMg6dLAWMxMFhoB96Mk6KtFw3Mc5kbhmX2f4nPLPoFzm74BJ9YU597M5ms2o0mcpymWdgtfoIxQBVSwjMoCEiRMfr_Mu8MGSpHnc-OYgtkaM9eLuMUNethCWPXc4rXcjHcPtiLgEeDxXq2_KMSaaGvprfYQ9lSiLVuRCKd7hytg47xw3RlqfTke7Cem1oh7aNnsXOSmAtPAxLmEE3KplqVjrah75q7qxradkfCB_YORPzVVEGGMyqQiSRDKV7gSbyZI2xu-tdSFWBVHjZ0ysHsNxVxMV480WJLHt0UbbxFTvad48EoXsqxPww5Xnt-Ejo03yHq3L4unep8rIGquktY-_J-0YtpmhRFfsnUYWbp5mr-hLlx4mxl3Z4lz4swf_zeXBJYhwRgI6AqX-GYuVyNfMUe1LR-3pqxpqn1l2uy8bNsPDw-qv3yJ_dUzM1jX5JWaNWDPk7VRcSnfuFp_2VsO6O6SyyxNYC5NspMO5ZKI5Pho5E6TDK1fJfffmPdXY1uUKmWEJYKQcIXtys1sT_zJ47hZf1cF9NJ9fzPbQCbObgB6c7W-DvaV1zG3R9OXqTof43Cw3vj1Ra8F-_XXgHdX05H505XWn44xLIEylCUMRfF756JOQ274yV3rB0rvMFizMad9JD-33IbN1G73yRmvH_psoLlxRxxMeoNR3d0iuz6FxmDLV2-rlhfzib954wIhVwnMX0azhMqK6NUUA7eWalA83gEPQVAyvNiNquA0Dm4z4NYiD365ICIwuVtBQRYIvhJEENwcNs-ojTRJeqf1eFhrLpeBv9aHxKkodXlrKK-8tZce26v3Ke05FYv1Gxg2h_Oa3X7otFsyWTiXYQNyzkYXeXv2tvl8z5AcaY1clT5Sd5_jTs0FQbZA_VpxT4vEZYDB7AOUkncoi5hZ_fj2ApMFh5t49hntfFb1aUDnAfUXH9LkjWJBZogmFEoEWGZJpBCXiFhJkteskOQtCixdQB_qa2rHiVvk2p0g6LZnLMOkc4eUO1zLhEu2O0oEwduAPTh8CfWkjRK_fkKpY_PH1sm1COT6x3OudKl7s_O-mZK44tOU2A2jnc3MT9RkfrTIYJBJuGtzlw0Oan3qzllu07iRqSTxyaPd91CTRvQoTbwkNw6_05Ea9c8UcnXjP4nA0g9G4K9WYSQRlJNrhSwA6fc__wJOL23a:1tLKBp:2Of5Yisb_RRW6mfimFl8kAzPaKU8CNMzi7JqHerCCbc", "expire_date": "2024-12-25T10:43:33.212Z"}}]